transaction_id,customer_id,product_id,quantity,total_amount,transaction_date,payment_method,store_type,ingestion_timestamp
TRX000001,802,425,1,363.4,2020-07-27T00:00:00.000Z,Debit Card,Physical Store,2026-04-05T20:54:20.783Z
TRX000002,858,280,6,758.18,2022-08-10T00:00:00.000Z,Credit Card,Physical Store,2026-04-05T20:54:20.783Z
TRX000003,658,694,9,748.66,2020-05-22T00:00:00.000Z,Bank Transfer,Online,2026-04-05T20:54:20.783Z
TRX000004,516,930,4,933.78,null,Bank Transfer,Physical Store,2026-04-05T20:54:20.783Z
TRX000005,368,104,10,137.28,2022-06-24T00:00:00.000Z,PayPal,Physical Store,2026-04-05T20:54:20.783Z
TRX000006,606,409,6,556.88,2020-10-14T00:00:00.000Z,Credit Card,Online,2026-04-05T20:54:20.783Z
TRX000007,535,487,7,246.29,2023-08-19T00:00:00.000Z,Credit Card,Physical Store,2026-04-05T20:54:20.783Z
TRX000008,87,630,8,-416.82,2020-04-18T00:00:00.000Z,Credit Card,Physical Store,2026-04-05T20:54:20.783Z
TRX000009,383,617,10,405.05,2021-02-13T00:00:00.000Z,Cash,Physical Store,2026-04-05T20:54:20.783Z
TRX000010,725,938,1,410.03,2020-03-18T00:00:00.000Z,PayPal,Online,2026-04-05T20:54:20.783Z
TRX000011,687,457,8,269.88,2020-06-27T00:00:00.000Z,Credit Card,Physical Store,2026-04-05T20:54:20.783Z
TRX000012,746,552,10,801.14,2021-10-20T00:00:00.000Z,Bank Transfer,Physical Store,2026-04-05T20:54:20.783Z
TRX000013,16,681,5,421.51,2021-06-01T00:00:00.000Z,PayPal,Online,2026-04-05T20:54:20.783Z
TRX000014,458,811,4,262.38,2023-12-14T00:00:00.000Z,Bank Transfer,Physical Store,2026-04-05T20:54:20.783Z
TRX000015,391,84,2,867.84,2021-03-26T00:00:00.000Z,Debit Card,Online,2026-04-05T20:54:20.783Z
TRX000016,899,194,10,212.75,2023-10-13T00:00:00.000Z,Credit Card,Physical Store,2026-04-05T20:54:20.783Z
TRX000017,296,646,10,498.83,2023-08-26T00:00:00.000Z,Debit Card,Physical Store,2026-04-05T20:54:20.783Z
TRX000018,483,658,10,91.09,2023-06-05T00:00:00.000Z,PayPal,Online,2026-04-05T20:54:20.783Z
TRX000019,783,406,9,610.69,2023-06-27T00:00:00.000Z,PayPal,Physical Store,2026-04-05T20:54:20.783Z
TRX000020,984,522,7,804.71,2020-10-14T00:00:00.000Z,Credit Card,Online,2026-04-05T20:54:20.783Z
TRX000021,462,666,10,988.44,2023-04-07T00:00:00.000Z,PayPal,Online,2026-04-05T20:54:20.783Z
TRX000022,253,455,2,876.7,2021-12-29T00:00:00.000Z,Credit Card,Physical Store,2026-04-05T20:54:20.783Z
TRX000023,810,720,3,44.16,2023-07-02T00:00:00.000Z,Debit Card,Online,2026-04-05T20:54:20.783Z
TRX000024,931,870,5,366.96,2023-01-15T00:00:00.000Z,Bank Transfer,Online,2026-04-05T20:54:20.783Z
TRX000025,489,392,4,854.16,2023-03-01T00:00:00.000Z,Bank Transfer,Physical Store,2026-04-05T20:54:20.783Z
TRX000026,800,404,7,547.84,2022-10-21T00:00:00.000Z,Bank Transfer,Physical Store,2026-04-05T20:54:20.783Z
TRX000027,560,5,6,491.86,2023-12-11T00:00:00.000Z,Credit Card,Online,2026-04-05T20:54:20.783Z
TRX000028,921,460,5,739.54,2023-10-18T00:00:00.000Z,Cash,Online,2026-04-05T20:54:20.783Z
TRX000029,515,616,9,319.22,2020-04-09T00:00:00.000Z,PayPal,Online,2026-04-05T20:54:20.783Z
TRX000030,973,708,1,737.1,2023-01-05T00:00:00.000Z,Bank Transfer,Physical Store,2026-04-05T20:54:20.783Z
TRX000031,903,729,5,929.07,2020-12-21T00:00:00.000Z,Credit Card,Physical Store,2026-04-05T20:54:20.783Z
TRX000032,765,116,1,849.13,2021-10-07T00:00:00.000Z,Credit Card,Physical Store,2026-04-05T20:54:20.783Z
TRX000033,727,806,8,890.95,2022-07-07T00:00:00.000Z,PayPal,Physical Store,2026-04-05T20:54:20.783Z
TRX000034,327,14,3,756.04,2021-02-08T00:00:00.000Z,Bank Transfer,Physical Store,2026-04-05T20:54:20.783Z
TRX000035,941,46,4,782.36,2021-02-09T00:00:00.000Z,Cash,Online,2026-04-05T20:54:20.783Z
TRX000036,463,978,9,320.96,2022-11-23T00:00:00.000Z,Bank Transfer,Online,2026-04-05T20:54:20.783Z
TRX000037,419,57,3,980.32,2020-05-13T00:00:00.000Z,Bank Transfer,Physical Store,2026-04-05T20:54:20.783Z
TRX000038,637,760,9,28.94,2022-06-23T00:00:00.000Z,Credit Card,Online,2026-04-05T20:54:20.783Z
TRX000039,158,356,1,284.36,2020-05-28T00:00:00.000Z,PayPal,Online,2026-04-05T20:54:20.783Z
TRX000040,557,933,8,154.84,2020-01-19T00:00:00.000Z,Cash,Physical Store,2026-04-05T20:54:20.783Z
TRX000041,227,41,2,263.01,2023-10-05T00:00:00.000Z,PayPal,Online,2026-04-05T20:54:20.783Z
TRX000042,824,972,3,233.21,2020-06-12T00:00:00.000Z,PayPal,Online,2026-04-05T20:54:20.783Z
TRX000043,278,936,1,361.39,2020-09-09T00:00:00.000Z,Bank Transfer,Physical Store,2026-04-05T20:54:20.783Z
TRX000044,536,300,4,858.88,2020-06-21T00:00:00.000Z,Credit Card,Physical Store,2026-04-05T20:54:20.783Z
TRX000045,740,590,7,553.95,2021-01-06T00:00:00.000Z,PayPal,Online,2026-04-05T20:54:20.783Z
TRX000046,664,208,5,543.63,2020-07-06T00:00:00.000Z,PayPal,Physical Store,2026-04-05T20:54:20.783Z
TRX000047,932,805,3,-171.45,2023-09-19T00:00:00.000Z,PayPal,Physical Store,2026-04-05T20:54:20.783Z
TRX000048,582,157,9,691.84,2023-02-07T00:00:00.000Z,PayPal,Physical Store,2026-04-05T20:54:20.783Z
TRX000049,256,754,3,192.03,2023-11-08T00:00:00.000Z,Debit Card,Physical Store,2026-04-05T20:54:20.783Z
TRX000050,580,463,9,310.87,2023-04-05T00:00:00.000Z,Cash,Online,2026-04-05T20:54:20.783Z
TRX000051,391,834,1,883.77,2022-08-20T00:00:00.000Z,Bank Transfer,Physical Store,2026-04-05T20:54:20.783Z
TRX000052,181,518,10,529.72,2023-09-15T00:00:00.000Z,Credit Card,Online,2026-04-05T20:54:20.783Z
TRX000053,136,329,8,606.81,2023-04-20T00:00:00.000Z,Bank Transfer,Physical Store,2026-04-05T20:54:20.783Z
TRX000054,984,275,7,447.76,2020-03-12T00:00:00.000Z,Cash,Online,2026-04-05T20:54:20.783Z
TRX000055,693,981,1,84.27,2023-04-13T00:00:00.000Z,Debit Card,Physical Store,2026-04-05T20:54:20.783Z
TRX000056,820,785,7,46.08,2022-03-26T00:00:00.000Z,Credit Card,Physical Store,2026-04-05T20:54:20.783Z
TRX000057,658,128,6,834.71,2023-09-11T00:00:00.000Z,Credit Card,Online,2026-04-05T20:54:20.783Z
TRX000058,381,595,7,20.86,2023-08-17T00:00:00.000Z,Cash,Physical Store,2026-04-05T20:54:20.783Z
TRX000059,456,951,8,-610.69,2023-03-08T00:00:00.000Z,PayPal,Physical Store,2026-04-05T20:54:20.783Z
TRX000060,693,695,9,907.85,2023-06-21T00:00:00.000Z,Credit Card,Physical Store,2026-04-05T20:54:20.783Z
TRX000061,602,225,2,435.53,2022-09-27T00:00:00.000Z,Bank Transfer,Physical Store,2026-04-05T20:54:20.783Z
TRX000062,306,563,1,170.07,2021-09-15T00:00:00.000Z,Cash,Online,2026-04-05T20:54:20.783Z
TRX000063,234,67,2,550.83,2021-09-12T00:00:00.000Z,Bank Transfer,Online,2026-04-05T20:54:20.783Z
TRX000064,923,536,2,210.65,2023-04-07T00:00:00.000Z,Debit Card,Online,2026-04-05T20:54:20.783Z
TRX000065,188,676,3,334.27,2022-03-22T00:00:00.000Z,Bank Transfer,Physical Store,2026-04-05T20:54:20.783Z
TRX000066,965,635,5,240.38,2023-12-23T00:00:00.000Z,Debit Card,Online,2026-04-05T20:54:20.783Z
TRX000067,822,68,2,90.54,2023-08-15T00:00:00.000Z,Credit Card,Physical Store,2026-04-05T20:54:20.783Z
TRX000068,484,9,9,504.27,2022-07-02T00:00:00.000Z,PayPal,Online,2026-04-05T20:54:20.783Z
TRX000069,530,456,1,430.63,2022-02-10T00:00:00.000Z,Debit Card,Physical Store,2026-04-05T20:54:20.783Z
TRX000070,672,275,2,613.98,2021-01-27T00:00:00.000Z,Credit Card,Physical Store,2026-04-05T20:54:20.783Z
TRX000071,708,234,8,222.59,2023-11-16T00:00:00.000Z,Cash,Online,2026-04-05T20:54:20.783Z
TRX000072,201,823,9,127.31,2022-12-04T00:00:00.000Z,Cash,Physical Store,2026-04-05T20:54:20.783Z
TRX000073,808,583,2,34.49,2023-01-23T00:00:00.000Z,Credit Card,Physical Store,2026-04-05T20:54:20.783Z
TRX000074,588,111,10,709.85,2021-09-10T00:00:00.000Z,Cash,Physical Store,2026-04-05T20:54:20.783Z
TRX000075,577,57,6,-604.02,2023-07-21T00:00:00.000Z,Debit Card,Online,2026-04-05T20:54:20.783Z
TRX000076,679,844,5,401.97,2022-04-07T00:00:00.000Z,Cash,Online,2026-04-05T20:54:20.783Z
TRX000077,625,26,1,120.18,2021-06-14T00:00:00.000Z,Bank Transfer,Online,2026-04-05T20:54:20.783Z
TRX000078,265,863,6,340.71,2020-06-09T00:00:00.000Z,Cash,Online,2026-04-05T20:54:20.783Z
TRX000079,577,690,9,-811.65,2020-03-08T00:00:00.000Z,Debit Card,Online,2026-04-05T20:54:20.783Z
TRX000080,388,99,10,713.56,2022-04-26T00:00:00.000Z,Cash,Online,2026-04-05T20:54:20.783Z
TRX000081,99,99,4,403.28,2022-10-02T00:00:00.000Z,Bank Transfer,Physical Store,2026-04-05T20:54:20.783Z
TRX000082,475,510,1,623.63,2021-02-24T00:00:00.000Z,Debit Card,Online,2026-04-05T20:54:20.783Z
TRX000083,452,81,1,802.43,2023-02-25T00:00:00.000Z,Credit Card,Physical Store,2026-04-05T20:54:20.783Z
TRX000084,785,764,4,585.81,2022-06-28T00:00:00.000Z,PayPal,Online,2026-04-05T20:54:20.783Z
TRX000085,841,651,6,544.8,2023-08-04T00:00:00.000Z,Debit Card,Physical Store,2026-04-05T20:54:20.783Z
TRX000086,867,90,10,533.25,2021-09-17T00:00:00.000Z,Bank Transfer,Physical Store,2026-04-05T20:54:20.783Z
TRX000087,938,679,2,972.33,2022-08-29T00:00:00.000Z,PayPal,Physical Store,2026-04-05T20:54:20.783Z
TRX000088,853,391,8,38.82,2020-06-09T00:00:00.000Z,PayPal,Online,2026-04-05T20:54:20.783Z
TRX000089,619,885,7,176.88,2020-09-28T00:00:00.000Z,Debit Card,Online,2026-04-05T20:54:20.783Z
TRX000090,93,665,3,943.61,2023-01-17T00:00:00.000Z,PayPal,Physical Store,2026-04-05T20:54:20.783Z
TRX000091,504,678,8,-885.87,2021-07-14T00:00:00.000Z,Debit Card,Online,2026-04-05T20:54:20.783Z
TRX000092,319,555,3,320.84,2020-09-28T00:00:00.000Z,Debit Card,Online,2026-04-05T20:54:20.783Z
TRX000093,862,196,7,290.73,2021-04-05T00:00:00.000Z,Cash,Online,2026-04-05T20:54:20.783Z
TRX000094,372,209,2,159.75,2022-05-03T00:00:00.000Z,Credit Card,Online,2026-04-05T20:54:20.783Z
TRX000095,764,602,5,297.15,2021-09-30T00:00:00.000Z,PayPal,Online,2026-04-05T20:54:20.783Z
TRX000096,31,832,2,758.25,2023-11-09T00:00:00.000Z,Cash,Online,2026-04-05T20:54:20.783Z
TRX000097,12,697,8,275.01,2021-01-01T00:00:00.000Z,Credit Card,Online,2026-04-05T20:54:20.783Z
TRX000098,554,235,2,357.04,2023-04-21T00:00:00.000Z,Credit Card,Physical Store,2026-04-05T20:54:20.783Z
TRX000099,320,239,10,689.15,2022-12-24T00:00:00.000Z,PayPal,Physical Store,2026-04-05T20:54:20.783Z
TRX000100,121,383,6,-990.37,null,Credit Card,Online,2026-04-05T20:54:20.783Z
TRX000101,510,318,3,-707.88,2021-08-01T00:00:00.000Z,Credit Card,Online,2026-04-05T20:54:20.783Z
TRX000102,352,363,6,171.79,2023-11-13T00:00:00.000Z,PayPal,Physical Store,2026-04-05T20:54:20.783Z
TRX000103,442,540,3,522.31,2022-10-26T00:00:00.000Z,Cash,Physical Store,2026-04-05T20:54:20.783Z
TRX000104,969,312,8,28.8,2021-07-20T00:00:00.000Z,Debit Card,Physical Store,2026-04-05T20:54:20.783Z
TRX000105,440,151,3,392.88,2023-09-22T00:00:00.000Z,Bank Transfer,Physical Store,2026-04-05T20:54:20.783Z
TRX000106,206,260,4,21.26,null,Credit Card,Online,2026-04-05T20:54:20.783Z
TRX000107,186,114,6,903.78,2023-07-30T00:00:00.000Z,PayPal,Physical Store,2026-04-05T20:54:20.783Z
TRX000108,269,420,8,693.15,2021-08-11T00:00:00.000Z,PayPal,Online,2026-04-05T20:54:20.783Z
TRX000109,210,400,1,64.26,2020-07-20T00:00:00.000Z,Credit Card,Online,2026-04-05T20:54:20.783Z
TRX000110,103,853,7,217.07,2022-12-10T00:00:00.000Z,Debit Card,Online,2026-04-05T20:54:20.783Z
TRX000111,619,594,1,520.92,2020-04-02T00:00:00.000Z,Bank Transfer,Online,2026-04-05T20:54:20.783Z
TRX000112,707,307,9,594.52,2021-03-22T00:00:00.000Z,Credit Card,Physical Store,2026-04-05T20:54:20.783Z
TRX000113,160,299,9,763.2,2022-06-30T00:00:00.000Z,PayPal,Physical Store,2026-04-05T20:54:20.783Z
TRX000114,154,309,8,280.26,2023-02-13T00:00:00.000Z,Bank Transfer,Online,2026-04-05T20:54:20.783Z
TRX000115,58,475,2,299.56,2022-07-31T00:00:00.000Z,Bank Transfer,Online,2026-04-05T20:54:20.783Z
TRX000116,652,210,10,294.36,2021-04-21T00:00:00.000Z,Debit Card,Physical Store,2026-04-05T20:54:20.783Z
TRX000117,409,300,7,226.38,2023-12-07T00:00:00.000Z,Cash,Online,2026-04-05T20:54:20.783Z
TRX000118,656,959,5,952.44,2020-09-17T00:00:00.000Z,Debit Card,Online,2026-04-05T20:54:20.783Z
TRX000119,780,544,3,284.88,2022-02-26T00:00:00.000Z,Bank Transfer,Online,2026-04-05T20:54:20.783Z
TRX000120,814,849,3,476.98,2021-11-21T00:00:00.000Z,Debit Card,Online,2026-04-05T20:54:20.783Z
TRX000121,790,430,7,675.83,2021-08-19T00:00:00.000Z,Debit Card,Online,2026-04-05T20:54:20.783Z
TRX000122,845,371,3,336.41,2020-02-17T00:00:00.000Z,PayPal,Online,2026-04-05T20:54:20.783Z
TRX000123,449,658,8,548.71,2021-02-19T00:00:00.000Z,Debit Card,Physical Store,2026-04-05T20:54:20.783Z
TRX000124,879,408,5,824.08,2022-07-31T00:00:00.000Z,Credit Card,Online,2026-04-05T20:54:20.783Z
TRX000125,920,156,10,871.23,2022-06-12T00:00:00.000Z,Bank Transfer,Online,2026-04-05T20:54:20.783Z
TRX000126,29,609,2,706.21,2021-12-02T00:00:00.000Z,Bank Transfer,Online,2026-04-05T20:54:20.783Z
TRX000127,247,483,3,361.2,2020-02-07T00:00:00.000Z,Credit Card,Physical Store,2026-04-05T20:54:20.783Z
TRX000128,907,497,10,159.42,2023-01-31T00:00:00.000Z,Credit Card,Online,2026-04-05T20:54:20.783Z
TRX000129,207,516,9,177.05,2022-04-10T00:00:00.000Z,Credit Card,Online,2026-04-05T20:54:20.783Z
TRX000130,558,214,7,599.63,2021-04-29T00:00:00.000Z,Bank Transfer,Physical Store,2026-04-05T20:54:20.783Z
TRX000131,956,217,1,172.15,2023-04-26T00:00:00.000Z,Cash,Physical Store,2026-04-05T20:54:20.783Z
TRX000132,484,106,3,615.62,2020-08-29T00:00:00.000Z,Credit Card,Online,2026-04-05T20:54:20.783Z
TRX000133,350,685,3,519.59,2021-02-08T00:00:00.000Z,Bank Transfer,Online,2026-04-05T20:54:20.783Z
TRX000134,107,380,6,-337.02,2022-11-08T00:00:00.000Z,Cash,Online,2026-04-05T20:54:20.783Z
TRX000135,448,508,1,784.61,2021-11-09T00:00:00.000Z,Credit Card,Physical Store,2026-04-05T20:54:20.783Z
TRX000136,245,162,10,692.55,2021-06-12T00:00:00.000Z,Credit Card,Physical Store,2026-04-05T20:54:20.783Z
TRX000137,901,850,1,430.82,2022-05-19T00:00:00.000Z,Cash,Physical Store,2026-04-05T20:54:20.783Z
TRX000138,656,96,5,96.1,2023-04-29T00:00:00.000Z,Cash,Physical Store,2026-04-05T20:54:20.783Z
TRX000139,596,894,2,409.31,2022-01-01T00:00:00.000Z,Credit Card,Online,2026-04-05T20:54:20.783Z
TRX000140,324,79,8,-719.05,2021-12-17T00:00:00.000Z,Cash,Physical Store,2026-04-05T20:54:20.783Z
TRX000141,216,388,2,125.34,2021-12-12T00:00:00.000Z,Bank Transfer,Physical Store,2026-04-05T20:54:20.783Z
TRX000142,627,22,10,134.38,2023-03-25T00:00:00.000Z,Credit Card,Online,2026-04-05T20:54:20.783Z
TRX000143,488,531,2,922.22,2021-05-20T00:00:00.000Z,Bank Transfer,Physical Store,2026-04-05T20:54:20.783Z
TRX000144,122,202,2,446.44,2022-09-24T00:00:00.000Z,Bank Transfer,Online,2026-04-05T20:54:20.783Z
TRX000145,556,570,10,442.73,2023-10-19T00:00:00.000Z,Cash,Physical Store,2026-04-05T20:54:20.783Z
TRX000146,712,862,5,100.5,2021-03-12T00:00:00.000Z,PayPal,Online,2026-04-05T20:54:20.783Z
TRX000147,8,950,8,115.38,2021-08-27T00:00:00.000Z,Bank Transfer,Online,2026-04-05T20:54:20.783Z
TRX000148,958,313,7,179.73,2023-05-03T00:00:00.000Z,Cash,Physical Store,2026-04-05T20:54:20.783Z
TRX000149,906,112,2,319.21,2023-01-14T00:00:00.000Z,Cash,Physical Store,2026-04-05T20:54:20.783Z
TRX000150,82,5,2,441.14,2023-06-02T00:00:00.000Z,Credit Card,Online,2026-04-05T20:54:20.783Z
TRX000151,55,838,6,119.18,2021-10-30T00:00:00.000Z,Bank Transfer,Physical Store,2026-04-05T20:54:20.783Z
TRX000152,760,939,7,932.74,2021-05-28T00:00:00.000Z,PayPal,Physical Store,2026-04-05T20:54:20.783Z
TRX000153,425,744,1,116.37,2020-04-04T00:00:00.000Z,Bank Transfer,Physical Store,2026-04-05T20:54:20.783Z
TRX000154,352,879,8,287.55,2021-10-06T00:00:00.000Z,Debit Card,Online,2026-04-05T20:54:20.783Z
TRX000155,653,892,4,-152.41,2023-06-08T00:00:00.000Z,Cash,Physical Store,2026-04-05T20:54:20.783Z
TRX000156,366,499,4,46.72,2023-08-11T00:00:00.000Z,Credit Card,Physical Store,2026-04-05T20:54:20.783Z
TRX000157,845,98,8,547.99,2020-11-20T00:00:00.000Z,Debit Card,Physical Store,2026-04-05T20:54:20.783Z
TRX000158,643,239,1,667.38,2023-11-18T00:00:00.000Z,Bank Transfer,Online,2026-04-05T20:54:20.783Z
TRX000159,536,673,5,518.6,2020-11-02T00:00:00.000Z,Debit Card,Physical Store,2026-04-05T20:54:20.783Z
TRX000160,431,378,7,613.81,2023-08-02T00:00:00.000Z,Credit Card,Physical Store,2026-04-05T20:54:20.783Z
TRX000161,856,430,2,737.97,2023-07-23T00:00:00.000Z,Cash,Online,2026-04-05T20:54:20.783Z
TRX000162,44,622,10,466,2022-07-14T00:00:00.000Z,Bank Transfer,Online,2026-04-05T20:54:20.783Z
TRX000163,541,967,8,332.98,2021-02-08T00:00:00.000Z,Debit Card,Physical Store,2026-04-05T20:54:20.783Z
TRX000164,596,603,1,222.31,2023-01-28T00:00:00.000Z,PayPal,Online,2026-04-05T20:54:20.783Z
TRX000165,282,667,3,109.31,2023-01-29T00:00:00.000Z,Credit Card,Physical Store,2026-04-05T20:54:20.783Z
TRX000166,266,151,4,913.25,2022-10-11T00:00:00.000Z,Credit Card,Online,2026-04-05T20:54:20.783Z
TRX000167,233,945,8,49.26,2023-11-08T00:00:00.000Z,Debit Card,Physical Store,2026-04-05T20:54:20.783Z
TRX000168,184,943,5,381.13,2023-10-06T00:00:00.000Z,Credit Card,Online,2026-04-05T20:54:20.783Z
TRX000169,291,940,7,65.42,2021-06-05T00:00:00.000Z,Credit Card,Physical Store,2026-04-05T20:54:20.783Z
TRX000170,365,831,6,578.44,2020-07-15T00:00:00.000Z,Debit Card,Online,2026-04-05T20:54:20.783Z
TRX000171,403,640,5,608.01,2022-02-19T00:00:00.000Z,PayPal,Physical Store,2026-04-05T20:54:20.783Z
TRX000172,586,569,7,748.77,2020-04-25T00:00:00.000Z,Credit Card,Online,2026-04-05T20:54:20.783Z
TRX000173,298,427,9,297.42,2021-03-04T00:00:00.000Z,Bank Transfer,Online,2026-04-05T20:54:20.783Z
TRX000174,539,675,8,586.61,2020-11-08T00:00:00.000Z,PayPal,Physical Store,2026-04-05T20:54:20.783Z
TRX000175,368,753,4,835.78,2021-01-13T00:00:00.000Z,Cash,Physical Store,2026-04-05T20:54:20.783Z
TRX000176,304,42,8,256.31,2021-10-23T00:00:00.000Z,Debit Card,Physical Store,2026-04-05T20:54:20.783Z
TRX000177,887,192,1,954.74,2023-08-19T00:00:00.000Z,Credit Card,Physical Store,2026-04-05T20:54:20.783Z
TRX000178,383,923,7,983.4,2020-01-03T00:00:00.000Z,Cash,Online,2026-04-05T20:54:20.783Z
TRX000179,818,676,8,858.41,2020-12-04T00:00:00.000Z,Cash,Online,2026-04-05T20:54:20.783Z
TRX000180,246,454,4,275.92,2021-12-22T00:00:00.000Z,Debit Card,Physical Store,2026-04-05T20:54:20.783Z
TRX000181,379,869,5,-17.83,2021-01-08T00:00:00.000Z,Cash,Online,2026-04-05T20:54:20.783Z
TRX000182,957,776,7,691.68,2021-02-10T00:00:00.000Z,Cash,Physical Store,2026-04-05T20:54:20.783Z
TRX000183,514,693,9,948.96,2022-09-28T00:00:00.000Z,Credit Card,Physical Store,2026-04-05T20:54:20.783Z
TRX000184,415,650,9,84.96,2023-08-29T00:00:00.000Z,Bank Transfer,Physical Store,2026-04-05T20:54:20.783Z
TRX000185,708,156,5,277.32,2021-05-14T00:00:00.000Z,Debit Card,Online,2026-04-05T20:54:20.783Z
TRX000186,796,87,4,40.06,2020-03-27T00:00:00.000Z,Credit Card,Online,2026-04-05T20:54:20.783Z
TRX000187,50,649,3,782.58,2021-10-05T00:00:00.000Z,Bank Transfer,Physical Store,2026-04-05T20:54:20.783Z
TRX000188,792,559,5,-474.08,2020-06-05T00:00:00.000Z,Bank Transfer,Physical Store,2026-04-05T20:54:20.783Z
TRX000189,685,686,3,29.76,2021-04-22T00:00:00.000Z,Bank Transfer,Online,2026-04-05T20:54:20.783Z
TRX000190,794,628,3,164.01,2023-04-30T00:00:00.000Z,Bank Transfer,Online,2026-04-05T20:54:20.783Z
TRX000191,745,438,8,548.61,2023-08-24T00:00:00.000Z,Cash,Online,2026-04-05T20:54:20.783Z
TRX000192,254,222,7,858.17,2022-02-09T00:00:00.000Z,Bank Transfer,Online,2026-04-05T20:54:20.783Z
TRX000193,604,53,2,-758.51,2023-07-05T00:00:00.000Z,Bank Transfer,Physical Store,2026-04-05T20:54:20.783Z
TRX000194,387,492,3,563.15,2022-08-17T00:00:00.000Z,Credit Card,Physical Store,2026-04-05T20:54:20.783Z
TRX000195,541,103,6,957.13,2023-11-09T00:00:00.000Z,Cash,Physical Store,2026-04-05T20:54:20.783Z
TRX000196,865,850,8,957.36,null,Credit Card,Physical Store,2026-04-05T20:54:20.783Z
TRX000197,602,115,9,476.02,2020-06-02T00:00:00.000Z,Bank Transfer,Online,2026-04-05T20:54:20.783Z
TRX000198,680,207,9,882.53,2022-02-06T00:00:00.000Z,Bank Transfer,Physical Store,2026-04-05T20:54:20.783Z
TRX000199,847,601,1,-854.72,2020-09-03T00:00:00.000Z,Bank Transfer,Physical Store,2026-04-05T20:54:20.783Z
TRX000200,358,394,7,768.48,2020-09-08T00:00:00.000Z,Bank Transfer,Physical Store,2026-04-05T20:54:20.783Z
TRX000201,848,123,7,149,2023-12-27T00:00:00.000Z,PayPal,Physical Store,2026-04-05T20:54:20.783Z
TRX000202,178,771,3,622.44,2020-08-04T00:00:00.000Z,PayPal,Online,2026-04-05T20:54:20.783Z
TRX000203,883,21,1,-94.33,2020-10-02T00:00:00.000Z,Bank Transfer,Online,2026-04-05T20:54:20.783Z
TRX000204,691,221,10,770.36,2023-04-25T00:00:00.000Z,Cash,Online,2026-04-05T20:54:20.783Z
TRX000205,446,996,6,884.81,2020-09-07T00:00:00.000Z,Cash,Physical Store,2026-04-05T20:54:20.783Z
TRX000206,105,110,3,42.82,2020-10-02T00:00:00.000Z,Debit Card,Online,2026-04-05T20:54:20.783Z
TRX000207,405,664,9,955.03,2021-11-03T00:00:00.000Z,Debit Card,Physical Store,2026-04-05T20:54:20.783Z
TRX000208,455,729,6,448.36,null,PayPal,Physical Store,2026-04-05T20:54:20.783Z
TRX000209,254,1,5,897.49,2023-12-21T00:00:00.000Z,Bank Transfer,Online,2026-04-05T20:54:20.783Z
TRX000210,779,880,10,155,2020-02-01T00:00:00.000Z,Bank Transfer,Online,2026-04-05T20:54:20.783Z
TRX000211,38,959,4,273.41,2021-12-22T00:00:00.000Z,Cash,Physical Store,2026-04-05T20:54:20.783Z
TRX000212,826,373,1,183.47,2023-08-18T00:00:00.000Z,PayPal,Physical Store,2026-04-05T20:54:20.783Z
TRX000213,502,480,10,146.92,2023-06-14T00:00:00.000Z,Bank Transfer,Physical Store,2026-04-05T20:54:20.783Z
TRX000214,49,622,1,274.44,2023-08-14T00:00:00.000Z,Credit Card,Online,2026-04-05T20:54:20.783Z
TRX000215,702,759,7,413.78,2023-04-14T00:00:00.000Z,Cash,Online,2026-04-05T20:54:20.783Z
TRX000216,409,860,6,87.9,2022-11-18T00:00:00.000Z,Cash,Online,2026-04-05T20:54:20.783Z
TRX000217,379,953,6,228.64,2020-02-01T00:00:00.000Z,Credit Card,Physical Store,2026-04-05T20:54:20.783Z
TRX000218,854,848,2,419.85,2022-05-25T00:00:00.000Z,Debit Card,Physical Store,2026-04-05T20:54:20.783Z
TRX000219,231,497,4,876.66,2022-11-16T00:00:00.000Z,Cash,Online,2026-04-05T20:54:20.783Z
TRX000220,365,236,4,836.88,2021-04-04T00:00:00.000Z,Cash,Physical Store,2026-04-05T20:54:20.783Z
TRX000221,842,403,10,622.75,null,Bank Transfer,Physical Store,2026-04-05T20:54:20.783Z
TRX000222,390,897,8,543.72,2023-02-12T00:00:00.000Z,Cash,Online,2026-04-05T20:54:20.783Z
TRX000223,932,525,7,337.35,2023-02-20T00:00:00.000Z,Bank Transfer,Physical Store,2026-04-05T20:54:20.783Z
TRX000224,308,538,4,803.11,2023-08-12T00:00:00.000Z,PayPal,Physical Store,2026-04-05T20:54:20.783Z
TRX000225,415,325,7,188.16,2022-06-12T00:00:00.000Z,Credit Card,Online,2026-04-05T20:54:20.783Z
TRX000226,692,829,7,703.6,2020-08-15T00:00:00.000Z,Credit Card,Online,2026-04-05T20:54:20.783Z
TRX000227,283,688,5,772.86,2021-06-11T00:00:00.000Z,Cash,Online,2026-04-05T20:54:20.783Z
TRX000228,338,874,6,394.32,2020-02-02T00:00:00.000Z,Debit Card,Online,2026-04-05T20:54:20.783Z
TRX000229,195,664,3,742.08,2023-05-19T00:00:00.000Z,Cash,Physical Store,2026-04-05T20:54:20.783Z
TRX000230,291,484,1,923.01,2022-08-31T00:00:00.000Z,Bank Transfer,Online,2026-04-05T20:54:20.783Z
TRX000231,111,60,4,484.34,2023-07-18T00:00:00.000Z,Debit Card,Online,2026-04-05T20:54:20.783Z
TRX000232,251,812,9,-93.08,2021-06-07T00:00:00.000Z,Credit Card,Physical Store,2026-04-05T20:54:20.783Z
TRX000233,936,531,10,840.63,2023-12-13T00:00:00.000Z,Credit Card,Physical Store,2026-04-05T20:54:20.783Z
TRX000234,975,955,9,401.56,2023-12-28T00:00:00.000Z,PayPal,Physical Store,2026-04-05T20:54:20.783Z
TRX000235,141,794,1,96.01,2020-11-04T00:00:00.000Z,Credit Card,Online,2026-04-05T20:54:20.783Z
TRX000236,701,625,8,695.58,2020-07-03T00:00:00.000Z,Bank Transfer,Online,2026-04-05T20:54:20.783Z
TRX000237,998,799,8,-408.03,2023-09-10T00:00:00.000Z,Cash,Online,2026-04-05T20:54:20.783Z
TRX000238,303,147,8,520.89,2023-04-15T00:00:00.000Z,PayPal,Online,2026-04-05T20:54:20.783Z
TRX000239,853,895,10,773.04,2020-05-14T00:00:00.000Z,Credit Card,Online,2026-04-05T20:54:20.783Z
TRX000240,191,62,10,-629.01,2020-12-27T00:00:00.000Z,Debit Card,Physical Store,2026-04-05T20:54:20.783Z
TRX000241,125,776,5,-167.77,2023-04-20T00:00:00.000Z,PayPal,Online,2026-04-05T20:54:20.783Z
TRX000242,904,367,8,398.69,2020-10-13T00:00:00.000Z,Debit Card,Online,2026-04-05T20:54:20.783Z
TRX000243,988,221,8,32.84,2021-01-19T00:00:00.000Z,Cash,Online,2026-04-05T20:54:20.783Z
TRX000244,620,959,3,97.66,2021-01-31T00:00:00.000Z,Credit Card,Physical Store,2026-04-05T20:54:20.783Z
TRX000245,963,940,4,776.36,2023-11-25T00:00:00.000Z,Debit Card,Physical Store,2026-04-05T20:54:20.783Z
TRX000246,541,878,4,81.89,2020-05-18T00:00:00.000Z,Cash,Physical Store,2026-04-05T20:54:20.783Z
TRX000247,830,430,10,402.29,2022-03-20T00:00:00.000Z,Cash,Online,2026-04-05T20:54:20.783Z
TRX000248,10,759,7,-659.19,2021-12-15T00:00:00.000Z,Credit Card,Physical Store,2026-04-05T20:54:20.783Z
TRX000249,311,601,4,250.69,2021-04-24T00:00:00.000Z,Cash,Physical Store,2026-04-05T20:54:20.783Z
TRX000250,378,548,6,563.71,2022-04-27T00:00:00.000Z,Debit Card,Physical Store,2026-04-05T20:54:20.783Z
TRX000251,286,52,10,525.71,2021-08-07T00:00:00.000Z,Cash,Online,2026-04-05T20:54:20.783Z
TRX000252,45,960,7,690.22,2022-12-17T00:00:00.000Z,Credit Card,Physical Store,2026-04-05T20:54:20.783Z
TRX000253,755,883,10,831.99,2021-03-15T00:00:00.000Z,PayPal,Physical Store,2026-04-05T20:54:20.783Z
TRX000254,741,542,2,723.22,2021-07-12T00:00:00.000Z,PayPal,Physical Store,2026-04-05T20:54:20.783Z
TRX000255,599,464,9,190.82,2023-07-16T00:00:00.000Z,Cash,Online,2026-04-05T20:54:20.783Z
TRX000256,656,663,3,341.4,2020-11-09T00:00:00.000Z,Bank Transfer,Online,2026-04-05T20:54:20.783Z
TRX000257,797,19,8,761.57,2020-08-02T00:00:00.000Z,Bank Transfer,Online,2026-04-05T20:54:20.783Z
TRX000258,392,289,2,878.56,2021-02-18T00:00:00.000Z,PayPal,Physical Store,2026-04-05T20:54:20.783Z
TRX000259,682,999,8,638.5,2022-02-22T00:00:00.000Z,Credit Card,Physical Store,2026-04-05T20:54:20.783Z
TRX000260,340,684,2,87.3,2020-10-07T00:00:00.000Z,Credit Card,Physical Store,2026-04-05T20:54:20.783Z
TRX000261,367,819,1,337.5,2021-09-09T00:00:00.000Z,PayPal,Physical Store,2026-04-05T20:54:20.783Z
TRX000262,512,88,2,533.68,2022-09-30T00:00:00.000Z,Credit Card,Physical Store,2026-04-05T20:54:20.783Z
TRX000263,676,101,5,919.99,2020-07-23T00:00:00.000Z,Credit Card,Physical Store,2026-04-05T20:54:20.783Z
TRX000264,955,238,6,785.02,2023-08-29T00:00:00.000Z,Cash,Physical Store,2026-04-05T20:54:20.783Z
TRX000265,866,393,1,985.83,2023-03-02T00:00:00.000Z,Debit Card,Physical Store,2026-04-05T20:54:20.783Z
TRX000266,816,384,10,554.7,2020-03-08T00:00:00.000Z,Credit Card,Online,2026-04-05T20:54:20.783Z
TRX000267,442,289,9,32.75,2020-01-17T00:00:00.000Z,Credit Card,Physical Store,2026-04-05T20:54:20.783Z
TRX000268,560,898,2,466.24,2022-12-13T00:00:00.000Z,Debit Card,Online,2026-04-05T20:54:20.783Z
TRX000269,55,236,4,317.86,2022-02-18T00:00:00.000Z,Debit Card,Online,2026-04-05T20:54:20.783Z
TRX000270,895,81,5,373.9,2022-06-14T00:00:00.000Z,Cash,Online,2026-04-05T20:54:20.783Z
TRX000271,704,687,1,649.18,2021-12-28T00:00:00.000Z,Debit Card,Physical Store,2026-04-05T20:54:20.783Z
TRX000272,144,554,3,704.73,2022-10-11T00:00:00.000Z,Debit Card,Online,2026-04-05T20:54:20.783Z
TRX000273,945,400,3,21.98,2021-06-04T00:00:00.000Z,Cash,Online,2026-04-05T20:54:20.783Z
TRX000274,27,371,1,678.78,2022-12-18T00:00:00.000Z,Credit Card,Physical Store,2026-04-05T20:54:20.783Z
TRX000275,985,980,1,31.77,2021-11-12T00:00:00.000Z,PayPal,Online,2026-04-05T20:54:20.783Z
TRX000276,221,273,3,835.78,2020-09-27T00:00:00.000Z,PayPal,Online,2026-04-05T20:54:20.783Z
TRX000277,912,299,6,807.19,2022-04-16T00:00:00.000Z,Bank Transfer,Online,2026-04-05T20:54:20.783Z
TRX000278,619,56,7,546.3,2021-07-23T00:00:00.000Z,Cash,Physical Store,2026-04-05T20:54:20.783Z
TRX000279,406,9,1,712.34,2022-09-28T00:00:00.000Z,Debit Card,Online,2026-04-05T20:54:20.783Z
TRX000280,89,747,10,935.47,2023-08-23T00:00:00.000Z,Cash,Online,2026-04-05T20:54:20.783Z
TRX000281,731,307,5,39.62,2022-01-14T00:00:00.000Z,Bank Transfer,Online,2026-04-05T20:54:20.783Z
TRX000282,844,155,3,214.21,2023-07-21T00:00:00.000Z,Bank Transfer,Physical Store,2026-04-05T20:54:20.783Z
TRX000283,498,704,4,-41.44,2023-10-14T00:00:00.000Z,Credit Card,Physical Store,2026-04-05T20:54:20.783Z
TRX000284,595,269,3,161.71,2020-06-30T00:00:00.000Z,Debit Card,Physical Store,2026-04-05T20:54:20.783Z
TRX000285,660,125,10,678.43,2023-05-28T00:00:00.000Z,Debit Card,Physical Store,2026-04-05T20:54:20.783Z
TRX000286,855,799,2,142.76,2021-12-02T00:00:00.000Z,Cash,Online,2026-04-05T20:54:20.783Z
TRX000287,226,374,7,578.27,2023-02-23T00:00:00.000Z,Credit Card,Physical Store,2026-04-05T20:54:20.783Z
TRX000288,406,726,7,977.1,2022-12-06T00:00:00.000Z,Bank Transfer,Physical Store,2026-04-05T20:54:20.783Z
TRX000289,764,177,9,963.95,2021-10-31T00:00:00.000Z,Credit Card,Physical Store,2026-04-05T20:54:20.783Z
TRX000290,363,454,2,92.4,2020-07-17T00:00:00.000Z,PayPal,Online,2026-04-05T20:54:20.783Z
TRX000291,306,234,1,662.84,2021-09-03T00:00:00.000Z,PayPal,Physical Store,2026-04-05T20:54:20.783Z
TRX000292,411,561,6,597.42,2023-07-25T00:00:00.000Z,Bank Transfer,Physical Store,2026-04-05T20:54:20.783Z
TRX000293,139,468,5,-873.61,2023-05-01T00:00:00.000Z,Cash,Online,2026-04-05T20:54:20.783Z
TRX000294,909,710,9,792.04,2020-05-28T00:00:00.000Z,Cash,Physical Store,2026-04-05T20:54:20.783Z
TRX000295,686,889,5,690.62,2021-02-05T00:00:00.000Z,Cash,Online,2026-04-05T20:54:20.783Z
TRX000296,506,249,6,627.48,2023-04-05T00:00:00.000Z,PayPal,Physical Store,2026-04-05T20:54:20.783Z
TRX000297,612,436,4,28.47,2022-07-16T00:00:00.000Z,Cash,Physical Store,2026-04-05T20:54:20.783Z
TRX000298,634,491,5,813.8,2023-07-30T00:00:00.000Z,PayPal,Physical Store,2026-04-05T20:54:20.783Z
TRX000299,624,799,4,926.77,2022-12-16T00:00:00.000Z,Cash,Online,2026-04-05T20:54:20.783Z
TRX000300,814,644,7,699.05,2022-02-05T00:00:00.000Z,Debit Card,Online,2026-04-05T20:54:20.783Z
TRX000301,846,121,2,915.09,2022-09-29T00:00:00.000Z,Credit Card,Physical Store,2026-04-05T20:54:20.783Z
TRX000302,677,254,3,-63.29,2020-02-18T00:00:00.000Z,Bank Transfer,Physical Store,2026-04-05T20:54:20.783Z
TRX000303,370,884,7,529.83,2020-02-07T00:00:00.000Z,Credit Card,Online,2026-04-05T20:54:20.783Z
TRX000304,553,312,5,345.28,2021-03-23T00:00:00.000Z,Cash,Online,2026-04-05T20:54:20.783Z
TRX000305,647,435,7,220.67,2023-07-01T00:00:00.000Z,Cash,Online,2026-04-05T20:54:20.783Z
TRX000306,838,564,3,561.92,2023-12-01T00:00:00.000Z,Credit Card,Online,2026-04-05T20:54:20.783Z
TRX000307,665,171,8,-206.13,2020-07-09T00:00:00.000Z,Credit Card,Physical Store,2026-04-05T20:54:20.783Z
TRX000308,980,326,9,764.51,2023-03-25T00:00:00.000Z,PayPal,Physical Store,2026-04-05T20:54:20.783Z
TRX000309,242,392,10,218.86,2020-12-28T00:00:00.000Z,Debit Card,Online,2026-04-05T20:54:20.783Z
TRX000310,368,124,8,803.78,2020-01-21T00:00:00.000Z,Credit Card,Physical Store,2026-04-05T20:54:20.783Z
TRX000311,378,719,2,945.18,2020-02-19T00:00:00.000Z,Bank Transfer,Online,2026-04-05T20:54:20.783Z
TRX000312,385,680,7,-382.02,2023-06-24T00:00:00.000Z,Credit Card,Online,2026-04-05T20:54:20.783Z
TRX000313,380,124,9,525.92,2022-04-14T00:00:00.000Z,Cash,Online,2026-04-05T20:54:20.783Z
TRX000314,102,876,9,-766.3,2021-12-02T00:00:00.000Z,Credit Card,Physical Store,2026-04-05T20:54:20.783Z
TRX000315,869,972,4,501.67,2021-10-27T00:00:00.000Z,PayPal,Online,2026-04-05T20:54:20.783Z
TRX000316,81,729,2,271.26,2022-04-09T00:00:00.000Z,Cash,Physical Store,2026-04-05T20:54:20.783Z
TRX000317,265,270,4,983.64,2023-06-02T00:00:00.000Z,Debit Card,Online,2026-04-05T20:54:20.783Z
TRX000318,60,358,7,-937.46,2022-03-21T00:00:00.000Z,PayPal,Physical Store,2026-04-05T20:54:20.783Z
TRX000319,29,368,2,402.61,2020-05-27T00:00:00.000Z,Debit Card,Physical Store,2026-04-05T20:54:20.783Z
TRX000320,88,217,4,-33.5,2021-07-01T00:00:00.000Z,Credit Card,Physical Store,2026-04-05T20:54:20.783Z
TRX000321,308,354,2,426.22,2020-12-08T00:00:00.000Z,PayPal,Online,2026-04-05T20:54:20.783Z
TRX000322,92,710,3,153.75,2020-07-10T00:00:00.000Z,PayPal,Physical Store,2026-04-05T20:54:20.783Z
TRX000323,508,567,9,419.56,2022-09-12T00:00:00.000Z,Bank Transfer,Physical Store,2026-04-05T20:54:20.783Z
TRX000324,534,116,1,797.33,2021-06-27T00:00:00.000Z,Credit Card,Physical Store,2026-04-05T20:54:20.783Z
TRX000325,493,262,4,76.88,2022-06-27T00:00:00.000Z,Debit Card,Physical Store,2026-04-05T20:54:20.783Z
TRX000326,638,602,2,687.12,2021-07-10T00:00:00.000Z,Bank Transfer,Online,2026-04-05T20:54:20.783Z
TRX000327,787,290,9,923.28,2023-09-05T00:00:00.000Z,PayPal,Physical Store,2026-04-05T20:54:20.783Z
TRX000328,893,698,3,662.46,2021-07-15T00:00:00.000Z,Cash,Physical Store,2026-04-05T20:54:20.783Z
TRX000329,892,974,1,-250.74,2023-12-05T00:00:00.000Z,Cash,Online,2026-04-05T20:54:20.783Z
TRX000330,597,413,7,634.94,2021-08-30T00:00:00.000Z,Cash,Physical Store,2026-04-05T20:54:20.783Z
TRX000331,171,478,4,467.75,2020-10-12T00:00:00.000Z,Bank Transfer,Online,2026-04-05T20:54:20.783Z
TRX000332,724,950,5,403.22,2023-08-22T00:00:00.000Z,Cash,Physical Store,2026-04-05T20:54:20.783Z
TRX000333,721,280,9,774.57,2022-11-14T00:00:00.000Z,Credit Card,Physical Store,2026-04-05T20:54:20.783Z
TRX000334,986,950,5,625.08,2021-09-18T00:00:00.000Z,PayPal,Online,2026-04-05T20:54:20.783Z
TRX000335,660,357,6,60.09,2022-12-02T00:00:00.000Z,Cash,Physical Store,2026-04-05T20:54:20.783Z
TRX000336,185,596,6,710.73,2021-09-26T00:00:00.000Z,Debit Card,Physical Store,2026-04-05T20:54:20.783Z
TRX000337,727,381,8,-48.41,2021-01-30T00:00:00.000Z,Credit Card,Physical Store,2026-04-05T20:54:20.783Z
TRX000338,442,827,8,295.23,2022-08-28T00:00:00.000Z,Credit Card,Online,2026-04-05T20:54:20.783Z
TRX000339,453,275,8,329.5,2021-10-07T00:00:00.000Z,Debit Card,Online,2026-04-05T20:54:20.783Z
TRX000340,757,89,4,928.01,2023-08-05T00:00:00.000Z,PayPal,Online,2026-04-05T20:54:20.783Z
TRX000341,840,186,6,260.41,2023-05-18T00:00:00.000Z,Cash,Physical Store,2026-04-05T20:54:20.783Z
TRX000342,20,83,10,151.7,2020-10-10T00:00:00.000Z,Debit Card,Physical Store,2026-04-05T20:54:20.783Z
TRX000343,439,775,4,344.53,2021-09-26T00:00:00.000Z,Bank Transfer,Physical Store,2026-04-05T20:54:20.783Z
TRX000344,513,768,8,287.82,2022-07-20T00:00:00.000Z,Debit Card,Online,2026-04-05T20:54:20.783Z
TRX000345,378,731,5,506.09,null,PayPal,Online,2026-04-05T20:54:20.783Z
TRX000346,507,206,7,56.06,2023-09-11T00:00:00.000Z,Credit Card,Online,2026-04-05T20:54:20.783Z
TRX000347,808,875,6,700.54,2022-05-21T00:00:00.000Z,Bank Transfer,Physical Store,2026-04-05T20:54:20.783Z
TRX000348,994,419,4,732.21,2021-01-26T00:00:00.000Z,Bank Transfer,Online,2026-04-05T20:54:20.783Z
TRX000349,709,260,8,719.53,2021-10-19T00:00:00.000Z,Cash,Physical Store,2026-04-05T20:54:20.783Z
TRX000350,412,437,3,724.98,2022-03-12T00:00:00.000Z,Debit Card,Physical Store,2026-04-05T20:54:20.783Z
TRX000351,675,924,10,-248.04,2021-09-13T00:00:00.000Z,PayPal,Online,2026-04-05T20:54:20.783Z
TRX000352,708,802,4,-270.95,2022-03-31T00:00:00.000Z,PayPal,Physical Store,2026-04-05T20:54:20.783Z
TRX000353,227,345,9,571.09,2021-09-22T00:00:00.000Z,Debit Card,Physical Store,2026-04-05T20:54:20.783Z
TRX000354,486,322,6,727.88,2022-07-01T00:00:00.000Z,Bank Transfer,Physical Store,2026-04-05T20:54:20.783Z
TRX000355,867,28,1,936.32,2021-06-18T00:00:00.000Z,Bank Transfer,Online,2026-04-05T20:54:20.783Z
TRX000356,365,301,2,152.23,2020-05-01T00:00:00.000Z,Cash,Physical Store,2026-04-05T20:54:20.783Z
TRX000357,766,685,8,439.63,2022-08-20T00:00:00.000Z,Cash,Physical Store,2026-04-05T20:54:20.783Z
TRX000358,817,930,8,946.52,2020-04-06T00:00:00.000Z,Debit Card,Physical Store,2026-04-05T20:54:20.783Z
TRX000359,705,615,9,828.22,2022-06-11T00:00:00.000Z,Credit Card,Physical Store,2026-04-05T20:54:20.783Z
TRX000360,780,486,6,223.66,2021-06-03T00:00:00.000Z,Credit Card,Physical Store,2026-04-05T20:54:20.783Z
TRX000361,622,764,9,42.61,2023-04-23T00:00:00.000Z,Debit Card,Online,2026-04-05T20:54:20.783Z
TRX000362,410,559,8,220.01,2021-04-11T00:00:00.000Z,Bank Transfer,Online,2026-04-05T20:54:20.783Z
TRX000363,683,516,3,104.73,2021-06-23T00:00:00.000Z,Bank Transfer,Online,2026-04-05T20:54:20.783Z
TRX000364,802,657,4,120.42,2023-03-17T00:00:00.000Z,Credit Card,Physical Store,2026-04-05T20:54:20.783Z
TRX000365,361,360,6,860.74,2023-05-11T00:00:00.000Z,Debit Card,Online,2026-04-05T20:54:20.783Z
TRX000366,510,422,9,948.31,2023-10-09T00:00:00.000Z,Bank Transfer,Physical Store,2026-04-05T20:54:20.783Z
TRX000367,941,429,7,387.55,2022-05-17T00:00:00.000Z,PayPal,Physical Store,2026-04-05T20:54:20.783Z
TRX000368,958,238,5,925.29,2023-11-14T00:00:00.000Z,PayPal,Physical Store,2026-04-05T20:54:20.783Z
TRX000369,824,149,8,354.2,2020-08-13T00:00:00.000Z,Debit Card,Online,2026-04-05T20:54:20.783Z
TRX000370,73,333,1,63.66,2022-10-14T00:00:00.000Z,Debit Card,Online,2026-04-05T20:54:20.783Z
TRX000371,27,314,6,673.06,2023-04-07T00:00:00.000Z,Bank Transfer,Online,2026-04-05T20:54:20.783Z
TRX000372,997,492,3,651.54,2023-04-30T00:00:00.000Z,Debit Card,Physical Store,2026-04-05T20:54:20.783Z
TRX000373,172,623,7,-700.38,2023-09-19T00:00:00.000Z,PayPal,Physical Store,2026-04-05T20:54:20.783Z
TRX000374,71,635,4,758.02,2022-04-03T00:00:00.000Z,Credit Card,Physical Store,2026-04-05T20:54:20.783Z
TRX000375,466,38,3,258.51,2022-10-01T00:00:00.000Z,Debit Card,Physical Store,2026-04-05T20:54:20.783Z
TRX000376,302,599,9,843.14,2023-05-31T00:00:00.000Z,PayPal,Online,2026-04-05T20:54:20.783Z
TRX000377,546,958,5,629.34,2021-02-01T00:00:00.000Z,Cash,Online,2026-04-05T20:54:20.783Z
TRX000378,576,747,6,800.25,2022-10-10T00:00:00.000Z,Debit Card,Online,2026-04-05T20:54:20.783Z
TRX000379,515,88,6,198.6,2023-04-20T00:00:00.000Z,Debit Card,Physical Store,2026-04-05T20:54:20.783Z
TRX000380,929,519,10,437.25,2022-05-09T00:00:00.000Z,Credit Card,Physical Store,2026-04-05T20:54:20.783Z
TRX000381,131,581,9,-984.76,2020-12-11T00:00:00.000Z,Cash,Physical Store,2026-04-05T20:54:20.783Z
TRX000382,681,291,7,871.31,2020-04-12T00:00:00.000Z,Debit Card,Physical Store,2026-04-05T20:54:20.783Z
TRX000383,866,738,1,143.06,2021-01-27T00:00:00.000Z,Cash,Online,2026-04-05T20:54:20.783Z
TRX000384,540,83,1,580.68,2020-05-06T00:00:00.000Z,Credit Card,Online,2026-04-05T20:54:20.783Z
TRX000385,138,975,7,437.36,2021-02-17T00:00:00.000Z,Bank Transfer,Online,2026-04-05T20:54:20.783Z
TRX000386,315,667,2,917.37,2020-07-31T00:00:00.000Z,PayPal,Online,2026-04-05T20:54:20.783Z
TRX000387,140,304,5,87.8,2022-01-12T00:00:00.000Z,PayPal,Online,2026-04-05T20:54:20.783Z
TRX000388,230,809,8,367.3,2021-04-03T00:00:00.000Z,Bank Transfer,Online,2026-04-05T20:54:20.783Z
TRX000389,793,965,8,716.68,2021-11-25T00:00:00.000Z,Cash,Online,2026-04-05T20:54:20.783Z
TRX000390,674,705,3,10.26,2023-08-17T00:00:00.000Z,PayPal,Online,2026-04-05T20:54:20.783Z
TRX000391,596,73,6,453.55,2020-10-16T00:00:00.000Z,Credit Card,Physical Store,2026-04-05T20:54:20.783Z
TRX000392,571,622,7,768.46,2020-09-26T00:00:00.000Z,Credit Card,Physical Store,2026-04-05T20:54:20.783Z
TRX000393,549,532,3,357.13,2021-01-11T00:00:00.000Z,Debit Card,Physical Store,2026-04-05T20:54:20.783Z
TRX000394,256,216,2,169.63,2020-03-07T00:00:00.000Z,Cash,Online,2026-04-05T20:54:20.783Z
TRX000395,472,850,10,78.69,2023-03-20T00:00:00.000Z,Debit Card,Online,2026-04-05T20:54:20.783Z
TRX000396,910,992,8,493.5,2021-06-29T00:00:00.000Z,Bank Transfer,Physical Store,2026-04-05T20:54:20.783Z
TRX000397,331,185,8,508.03,2021-06-27T00:00:00.000Z,Credit Card,Online,2026-04-05T20:54:20.783Z
TRX000398,204,52,1,702.31,2023-08-03T00:00:00.000Z,Bank Transfer,Physical Store,2026-04-05T20:54:20.783Z
TRX000399,847,369,1,909.49,2022-04-23T00:00:00.000Z,Bank Transfer,Online,2026-04-05T20:54:20.783Z
TRX000400,684,99,2,187.78,2021-04-21T00:00:00.000Z,Credit Card,Online,2026-04-05T20:54:20.783Z
TRX000401,802,548,6,154.6,2020-12-20T00:00:00.000Z,Credit Card,Online,2026-04-05T20:54:20.783Z
TRX000402,975,595,4,570.92,2023-11-06T00:00:00.000Z,Debit Card,Physical Store,2026-04-05T20:54:20.783Z
TRX000403,927,87,8,770.7,2021-06-08T00:00:00.000Z,PayPal,Physical Store,2026-04-05T20:54:20.783Z
TRX000404,781,148,1,805.94,2020-06-25T00:00:00.000Z,Cash,Physical Store,2026-04-05T20:54:20.783Z
TRX000405,353,420,6,-383.68,2023-07-04T00:00:00.000Z,Bank Transfer,Online,2026-04-05T20:54:20.783Z
TRX000406,947,155,3,906.08,2021-01-31T00:00:00.000Z,Credit Card,Physical Store,2026-04-05T20:54:20.783Z
TRX000407,417,115,5,828.75,2022-01-05T00:00:00.000Z,Cash,Physical Store,2026-04-05T20:54:20.783Z
TRX000408,189,118,2,603.31,2020-07-05T00:00:00.000Z,Debit Card,Physical Store,2026-04-05T20:54:20.783Z
TRX000409,212,657,5,336.77,2020-06-03T00:00:00.000Z,Debit Card,Physical Store,2026-04-05T20:54:20.783Z
TRX000410,95,719,6,577.12,2020-05-04T00:00:00.000Z,Cash,Physical Store,2026-04-05T20:54:20.783Z
TRX000411,96,474,2,388.55,2022-05-25T00:00:00.000Z,Debit Card,Online,2026-04-05T20:54:20.783Z
TRX000412,116,901,8,557.13,2022-07-01T00:00:00.000Z,Credit Card,Online,2026-04-05T20:54:20.783Z
TRX000413,649,899,5,126.22,2022-02-21T00:00:00.000Z,PayPal,Online,2026-04-05T20:54:20.783Z
TRX000414,879,566,7,653.58,2023-12-20T00:00:00.000Z,PayPal,Online,2026-04-05T20:54:20.783Z
TRX000415,539,270,1,285.34,2022-11-22T00:00:00.000Z,PayPal,Physical Store,2026-04-05T20:54:20.783Z
TRX000416,793,278,6,576.87,2023-01-01T00:00:00.000Z,PayPal,Online,2026-04-05T20:54:20.783Z
TRX000417,672,728,5,871.51,2020-12-14T00:00:00.000Z,Debit Card,Physical Store,2026-04-05T20:54:20.783Z
TRX000418,220,799,5,344.47,2022-10-20T00:00:00.000Z,Cash,Online,2026-04-05T20:54:20.783Z
TRX000419,13,353,8,945.22,2021-09-21T00:00:00.000Z,Credit Card,Physical Store,2026-04-05T20:54:20.783Z
TRX000420,96,191,7,616.8,2021-01-23T00:00:00.000Z,Debit Card,Physical Store,2026-04-05T20:54:20.783Z
TRX000421,253,155,7,109.09,2021-08-03T00:00:00.000Z,PayPal,Online,2026-04-05T20:54:20.783Z
TRX000422,429,33,9,799.08,2023-11-04T00:00:00.000Z,Cash,Online,2026-04-05T20:54:20.783Z
TRX000423,870,76,2,205.42,2022-09-19T00:00:00.000Z,Credit Card,Online,2026-04-05T20:54:20.783Z
TRX000424,606,690,10,277.11,2021-11-03T00:00:00.000Z,Bank Transfer,Online,2026-04-05T20:54:20.783Z
TRX000425,11,580,10,261.89,2022-09-14T00:00:00.000Z,PayPal,Physical Store,2026-04-05T20:54:20.783Z
TRX000426,55,244,7,134.71,2021-02-14T00:00:00.000Z,Credit Card,Physical Store,2026-04-05T20:54:20.783Z
TRX000427,57,220,6,810.99,2022-07-16T00:00:00.000Z,Credit Card,Physical Store,2026-04-05T20:54:20.783Z
TRX000428,900,856,8,679.92,2022-09-03T00:00:00.000Z,Debit Card,Online,2026-04-05T20:54:20.783Z
TRX000429,789,852,1,88.02,2023-12-17T00:00:00.000Z,Credit Card,Online,2026-04-05T20:54:20.783Z
TRX000430,502,666,4,208.48,2023-04-06T00:00:00.000Z,Credit Card,Physical Store,2026-04-05T20:54:20.783Z
TRX000431,647,114,9,193.42,2022-07-02T00:00:00.000Z,Bank Transfer,Online,2026-04-05T20:54:20.783Z
TRX000432,134,668,5,385.98,2022-01-25T00:00:00.000Z,Cash,Online,2026-04-05T20:54:20.783Z
TRX000433,87,615,3,917.43,2021-01-18T00:00:00.000Z,Credit Card,Physical Store,2026-04-05T20:54:20.783Z
TRX000434,285,899,7,-807.3,2022-10-08T00:00:00.000Z,PayPal,Physical Store,2026-04-05T20:54:20.783Z
TRX000435,725,155,6,278.62,2022-02-17T00:00:00.000Z,Cash,Online,2026-04-05T20:54:20.783Z
TRX000436,319,905,3,574.47,2020-11-23T00:00:00.000Z,Credit Card,Physical Store,2026-04-05T20:54:20.783Z
TRX000437,306,150,4,153.89,2022-05-24T00:00:00.000Z,PayPal,Physical Store,2026-04-05T20:54:20.783Z
TRX000438,815,914,10,516.06,2023-06-27T00:00:00.000Z,Bank Transfer,Physical Store,2026-04-05T20:54:20.783Z
TRX000439,239,119,6,699.42,2020-04-10T00:00:00.000Z,PayPal,Online,2026-04-05T20:54:20.783Z
TRX000440,911,53,3,805.45,2021-12-25T00:00:00.000Z,Cash,Physical Store,2026-04-05T20:54:20.783Z
TRX000441,831,884,6,753.85,2020-03-08T00:00:00.000Z,Cash,Physical Store,2026-04-05T20:54:20.783Z
TRX000442,668,514,7,985.08,2021-02-19T00:00:00.000Z,Debit Card,Physical Store,2026-04-05T20:54:20.783Z
TRX000443,738,668,4,550.7,2023-10-27T00:00:00.000Z,Cash,Online,2026-04-05T20:54:20.783Z
TRX000444,321,722,4,656.54,2021-01-05T00:00:00.000Z,Debit Card,Physical Store,2026-04-05T20:54:20.783Z
TRX000445,214,335,4,61.25,2022-12-02T00:00:00.000Z,Credit Card,Physical Store,2026-04-05T20:54:20.783Z
TRX000446,563,824,1,15.43,2021-09-28T00:00:00.000Z,Cash,Physical Store,2026-04-05T20:54:20.783Z
TRX000447,45,367,2,449.14,null,PayPal,Physical Store,2026-04-05T20:54:20.783Z
TRX000448,180,55,2,465.65,2022-04-16T00:00:00.000Z,Debit Card,Physical Store,2026-04-05T20:54:20.783Z
TRX000449,231,335,8,853.6,2022-02-10T00:00:00.000Z,PayPal,Online,2026-04-05T20:54:20.783Z
TRX000450,758,230,1,192.94,2020-05-20T00:00:00.000Z,Bank Transfer,Online,2026-04-05T20:54:20.783Z
TRX000451,37,908,2,743.07,2023-09-20T00:00:00.000Z,PayPal,Physical Store,2026-04-05T20:54:20.783Z
TRX000452,859,459,10,999.96,2023-04-30T00:00:00.000Z,Cash,Physical Store,2026-04-05T20:54:20.783Z
TRX000453,1000,98,3,312.9,2022-04-15T00:00:00.000Z,Credit Card,Online,2026-04-05T20:54:20.783Z
TRX000454,995,838,8,318,2020-04-06T00:00:00.000Z,Cash,Online,2026-04-05T20:54:20.783Z
TRX000455,991,619,3,522.12,2022-07-29T00:00:00.000Z,PayPal,Online,2026-04-05T20:54:20.783Z
TRX000456,117,579,9,761.08,2023-05-06T00:00:00.000Z,Credit Card,Online,2026-04-05T20:54:20.783Z
TRX000457,579,864,6,962.61,2021-03-18T00:00:00.000Z,Credit Card,Physical Store,2026-04-05T20:54:20.783Z
TRX000458,946,170,6,699.85,2021-07-28T00:00:00.000Z,PayPal,Physical Store,2026-04-05T20:54:20.783Z
TRX000459,324,453,5,457.37,2022-05-16T00:00:00.000Z,Cash,Physical Store,2026-04-05T20:54:20.783Z
TRX000460,383,136,6,653.48,2023-06-20T00:00:00.000Z,Credit Card,Online,2026-04-05T20:54:20.783Z
TRX000461,568,174,3,37.32,2021-02-04T00:00:00.000Z,Bank Transfer,Physical Store,2026-04-05T20:54:20.783Z
TRX000462,899,937,4,814.17,2023-03-24T00:00:00.000Z,Cash,Online,2026-04-05T20:54:20.783Z
TRX000463,504,856,7,231.53,2023-11-17T00:00:00.000Z,Credit Card,Online,2026-04-05T20:54:20.783Z
TRX000464,953,170,9,224.22,2021-05-02T00:00:00.000Z,PayPal,Online,2026-04-05T20:54:20.783Z
TRX000465,433,291,2,199.66,2020-03-23T00:00:00.000Z,Credit Card,Online,2026-04-05T20:54:20.783Z
TRX000466,653,19,6,834.14,2020-08-31T00:00:00.000Z,Credit Card,Physical Store,2026-04-05T20:54:20.783Z
TRX000467,451,252,9,376.71,2020-03-13T00:00:00.000Z,Credit Card,Online,2026-04-05T20:54:20.783Z
TRX000468,642,76,6,537.02,2020-12-20T00:00:00.000Z,Bank Transfer,Online,2026-04-05T20:54:20.783Z
TRX000469,827,989,4,896.02,2020-02-19T00:00:00.000Z,Credit Card,Online,2026-04-05T20:54:20.783Z
TRX000470,677,199,2,169.6,2020-01-10T00:00:00.000Z,Credit Card,Physical Store,2026-04-05T20:54:20.783Z
TRX000471,951,312,3,680.86,2023-08-11T00:00:00.000Z,Credit Card,Online,2026-04-05T20:54:20.783Z
TRX000472,788,662,10,16.93,2023-10-15T00:00:00.000Z,Cash,Online,2026-04-05T20:54:20.783Z
TRX000473,472,414,6,616.94,2020-06-23T00:00:00.000Z,Credit Card,Online,2026-04-05T20:54:20.783Z
TRX000474,345,999,3,316.86,2022-09-30T00:00:00.000Z,Bank Transfer,Physical Store,2026-04-05T20:54:20.783Z
TRX000475,223,600,5,786.14,2022-09-19T00:00:00.000Z,Debit Card,Physical Store,2026-04-05T20:54:20.783Z
TRX000476,441,123,10,521.66,2023-07-30T00:00:00.000Z,Cash,Physical Store,2026-04-05T20:54:20.783Z
TRX000477,343,46,1,729.93,2021-03-20T00:00:00.000Z,Bank Transfer,Physical Store,2026-04-05T20:54:20.783Z
TRX000478,637,443,3,121.17,2023-01-07T00:00:00.000Z,Bank Transfer,Physical Store,2026-04-05T20:54:20.783Z
TRX000479,908,185,6,516.11,2022-09-03T00:00:00.000Z,Debit Card,Online,2026-04-05T20:54:20.783Z
TRX000480,967,555,6,148.69,2022-10-06T00:00:00.000Z,Credit Card,Physical Store,2026-04-05T20:54:20.783Z
TRX000481,306,434,7,269.78,2020-02-24T00:00:00.000Z,Bank Transfer,Online,2026-04-05T20:54:20.783Z
TRX000482,863,358,8,534.49,2021-10-01T00:00:00.000Z,Credit Card,Physical Store,2026-04-05T20:54:20.783Z
TRX000483,492,878,2,-664.59,2021-12-12T00:00:00.000Z,Debit Card,Online,2026-04-05T20:54:20.783Z
TRX000484,8,680,2,473.82,2023-11-15T00:00:00.000Z,Debit Card,Online,2026-04-05T20:54:20.783Z
TRX000485,12,766,7,813.94,2021-07-25T00:00:00.000Z,PayPal,Online,2026-04-05T20:54:20.783Z
TRX000486,961,231,1,495.5,2022-06-03T00:00:00.000Z,Bank Transfer,Physical Store,2026-04-05T20:54:20.783Z
TRX000487,85,471,6,139.49,2020-10-28T00:00:00.000Z,Credit Card,Online,2026-04-05T20:54:20.783Z
TRX000488,137,557,3,60.25,2020-04-01T00:00:00.000Z,Cash,Online,2026-04-05T20:54:20.783Z
TRX000489,114,792,8,902.71,2023-01-06T00:00:00.000Z,Bank Transfer,Online,2026-04-05T20:54:20.783Z
TRX000490,294,647,6,46.63,2022-07-09T00:00:00.000Z,Debit Card,Physical Store,2026-04-05T20:54:20.783Z
TRX000491,557,752,9,273.56,2023-10-27T00:00:00.000Z,Debit Card,Online,2026-04-05T20:54:20.783Z
TRX000492,124,545,1,342.37,2020-11-18T00:00:00.000Z,Debit Card,Physical Store,2026-04-05T20:54:20.783Z
TRX000493,416,560,4,545.39,2023-11-15T00:00:00.000Z,PayPal,Physical Store,2026-04-05T20:54:20.783Z
TRX000494,730,881,9,27.56,2023-06-02T00:00:00.000Z,PayPal,Physical Store,2026-04-05T20:54:20.783Z
TRX000495,815,146,10,388.44,2022-01-25T00:00:00.000Z,PayPal,Online,2026-04-05T20:54:20.783Z
TRX000496,319,793,7,277.25,2022-03-02T00:00:00.000Z,Bank Transfer,Physical Store,2026-04-05T20:54:20.783Z
TRX000497,402,250,7,135.94,2023-07-08T00:00:00.000Z,PayPal,Online,2026-04-05T20:54:20.783Z
TRX000498,510,458,7,919.25,2020-05-27T00:00:00.000Z,PayPal,Physical Store,2026-04-05T20:54:20.783Z
TRX000499,706,422,6,258.14,2021-02-14T00:00:00.000Z,Bank Transfer,Online,2026-04-05T20:54:20.783Z
TRX000500,746,458,5,385.63,2023-07-26T00:00:00.000Z,Bank Transfer,Physical Store,2026-04-05T20:54:20.783Z
TRX000501,328,914,8,743.94,2023-07-23T00:00:00.000Z,Debit Card,Physical Store,2026-04-05T20:54:20.783Z
TRX000502,948,869,2,75.88,2021-01-01T00:00:00.000Z,Debit Card,Physical Store,2026-04-05T20:54:20.783Z
TRX000503,224,666,7,988.3,2023-06-16T00:00:00.000Z,Debit Card,Online,2026-04-05T20:54:20.783Z
TRX000504,961,127,9,242.04,2022-11-30T00:00:00.000Z,Credit Card,Physical Store,2026-04-05T20:54:20.783Z
TRX000505,981,860,4,738.8,2022-03-06T00:00:00.000Z,PayPal,Online,2026-04-05T20:54:20.783Z
TRX000506,460,185,4,987.97,2020-07-30T00:00:00.000Z,Cash,Online,2026-04-05T20:54:20.783Z
TRX000507,216,405,6,595.39,2023-05-24T00:00:00.000Z,PayPal,Physical Store,2026-04-05T20:54:20.783Z
TRX000508,670,983,7,563.05,2022-05-23T00:00:00.000Z,Bank Transfer,Physical Store,2026-04-05T20:54:20.783Z
TRX000509,555,222,4,495.46,2023-04-24T00:00:00.000Z,Debit Card,Online,2026-04-05T20:54:20.783Z
TRX000510,266,186,3,249.65,2022-10-11T00:00:00.000Z,Debit Card,Online,2026-04-05T20:54:20.783Z
TRX000511,910,599,1,429.52,null,Debit Card,Online,2026-04-05T20:54:20.783Z
TRX000512,462,403,7,106.57,null,PayPal,Physical Store,2026-04-05T20:54:20.783Z
TRX000513,801,988,6,556.66,2022-09-05T00:00:00.000Z,PayPal,Online,2026-04-05T20:54:20.783Z
TRX000514,892,477,4,439.79,2023-09-02T00:00:00.000Z,Cash,Online,2026-04-05T20:54:20.783Z
TRX000515,656,851,2,391.83,2023-09-15T00:00:00.000Z,Credit Card,Online,2026-04-05T20:54:20.783Z
TRX000516,916,581,7,-378.11,2021-08-24T00:00:00.000Z,Debit Card,Physical Store,2026-04-05T20:54:20.783Z
TRX000517,594,421,8,562.29,2020-09-15T00:00:00.000Z,Debit Card,Online,2026-04-05T20:54:20.783Z
TRX000518,376,896,5,296.07,2023-02-24T00:00:00.000Z,Cash,Physical Store,2026-04-05T20:54:20.783Z
TRX000519,766,818,6,691.23,2021-03-09T00:00:00.000Z,Cash,Online,2026-04-05T20:54:20.783Z
TRX000520,584,782,4,682.67,2021-03-13T00:00:00.000Z,Credit Card,Physical Store,2026-04-05T20:54:20.783Z
TRX000521,487,655,3,-478.99,2022-04-30T00:00:00.000Z,Debit Card,Online,2026-04-05T20:54:20.783Z
TRX000522,847,485,9,933.61,2020-10-12T00:00:00.000Z,Bank Transfer,Online,2026-04-05T20:54:20.783Z
TRX000523,99,70,1,-838.07,2022-08-08T00:00:00.000Z,Debit Card,Physical Store,2026-04-05T20:54:20.783Z
TRX000524,697,417,7,337.75,2022-10-16T00:00:00.000Z,Cash,Physical Store,2026-04-05T20:54:20.783Z
TRX000525,416,399,5,476.27,2021-11-25T00:00:00.000Z,Credit Card,Physical Store,2026-04-05T20:54:20.783Z
TRX000526,653,193,8,113.55,2023-08-24T00:00:00.000Z,Debit Card,Online,2026-04-05T20:54:20.783Z
TRX000527,568,531,2,260.01,2020-10-14T00:00:00.000Z,PayPal,Physical Store,2026-04-05T20:54:20.783Z
TRX000528,741,822,10,748.2,2020-04-22T00:00:00.000Z,Credit Card,Physical Store,2026-04-05T20:54:20.783Z
TRX000529,599,454,5,110.8,2021-01-04T00:00:00.000Z,Credit Card,Online,2026-04-05T20:54:20.783Z
TRX000530,405,444,4,339.83,2021-01-08T00:00:00.000Z,Bank Transfer,Online,2026-04-05T20:54:20.783Z
TRX000531,761,990,3,995.9,2023-01-06T00:00:00.000Z,Credit Card,Physical Store,2026-04-05T20:54:20.783Z
TRX000532,871,681,2,292.78,2020-09-12T00:00:00.000Z,PayPal,Physical Store,2026-04-05T20:54:20.783Z
TRX000533,994,615,8,595.77,2020-09-22T00:00:00.000Z,Cash,Physical Store,2026-04-05T20:54:20.783Z
TRX000534,885,751,1,220.52,2020-03-12T00:00:00.000Z,Bank Transfer,Online,2026-04-05T20:54:20.783Z
TRX000535,2,332,6,35.92,2023-03-17T00:00:00.000Z,PayPal,Online,2026-04-05T20:54:20.783Z
TRX000536,393,966,7,88.89,2020-09-17T00:00:00.000Z,Debit Card,Physical Store,2026-04-05T20:54:20.783Z
TRX000537,542,356,6,582.01,2021-09-12T00:00:00.000Z,Credit Card,Physical Store,2026-04-05T20:54:20.783Z
TRX000538,845,253,8,428.69,2021-08-21T00:00:00.000Z,Credit Card,Physical Store,2026-04-05T20:54:20.783Z
TRX000539,490,51,10,881.71,2022-10-29T00:00:00.000Z,Credit Card,Online,2026-04-05T20:54:20.783Z
TRX000540,866,570,1,843.51,2020-08-08T00:00:00.000Z,Debit Card,Physical Store,2026-04-05T20:54:20.783Z
TRX000541,668,435,3,144.56,2020-10-11T00:00:00.000Z,Cash,Physical Store,2026-04-05T20:54:20.783Z
TRX000542,965,121,6,387.72,2020-04-09T00:00:00.000Z,Credit Card,Physical Store,2026-04-05T20:54:20.783Z
TRX000543,669,681,7,116.48,2022-11-28T00:00:00.000Z,Cash,Online,2026-04-05T20:54:20.783Z
TRX000544,665,392,2,719.01,2023-01-13T00:00:00.000Z,Bank Transfer,Online,2026-04-05T20:54:20.783Z
TRX000545,694,152,7,847.88,2023-12-18T00:00:00.000Z,Debit Card,Online,2026-04-05T20:54:20.783Z
TRX000546,703,183,10,-858.42,2023-04-29T00:00:00.000Z,Debit Card,Physical Store,2026-04-05T20:54:20.783Z
TRX000547,138,383,1,136.83,2020-06-05T00:00:00.000Z,Debit Card,Online,2026-04-05T20:54:20.783Z
TRX000548,708,677,10,162.12,2021-12-17T00:00:00.000Z,Cash,Online,2026-04-05T20:54:20.783Z
TRX000549,975,727,7,825.99,2023-04-09T00:00:00.000Z,Credit Card,Online,2026-04-05T20:54:20.783Z
TRX000550,865,388,6,533.73,2020-12-02T00:00:00.000Z,Bank Transfer,Online,2026-04-05T20:54:20.783Z
TRX000551,505,108,2,321.08,2023-04-24T00:00:00.000Z,Credit Card,Online,2026-04-05T20:54:20.783Z
TRX000552,757,895,4,351.16,2021-06-16T00:00:00.000Z,Cash,Online,2026-04-05T20:54:20.783Z
TRX000553,251,174,1,746.18,2020-11-27T00:00:00.000Z,Bank Transfer,Physical Store,2026-04-05T20:54:20.783Z
TRX000554,875,836,7,572.51,2021-11-01T00:00:00.000Z,Credit Card,Physical Store,2026-04-05T20:54:20.783Z
TRX000555,449,490,5,259.2,2023-12-31T00:00:00.000Z,Credit Card,Online,2026-04-05T20:54:20.783Z
TRX000556,162,85,8,445.49,2022-09-27T00:00:00.000Z,Credit Card,Physical Store,2026-04-05T20:54:20.783Z
TRX000557,165,456,6,286.6,2020-07-01T00:00:00.000Z,Credit Card,Online,2026-04-05T20:54:20.783Z
TRX000558,165,852,6,992.46,2023-03-25T00:00:00.000Z,Cash,Online,2026-04-05T20:54:20.783Z
TRX000559,872,178,9,802.15,2022-05-10T00:00:00.000Z,PayPal,Physical Store,2026-04-05T20:54:20.783Z
TRX000560,692,722,5,896.97,2023-07-04T00:00:00.000Z,Credit Card,Online,2026-04-05T20:54:20.783Z
TRX000561,156,48,3,316.08,2021-09-01T00:00:00.000Z,Cash,Online,2026-04-05T20:54:20.783Z
TRX000562,783,635,6,644.94,2022-09-08T00:00:00.000Z,Credit Card,Online,2026-04-05T20:54:20.783Z
TRX000563,477,299,9,806.11,2021-06-30T00:00:00.000Z,Debit Card,Online,2026-04-05T20:54:20.783Z
TRX000564,519,898,8,805.32,2021-03-09T00:00:00.000Z,Cash,Online,2026-04-05T20:54:20.783Z
TRX000565,580,140,2,443.9,2023-08-25T00:00:00.000Z,Debit Card,Online,2026-04-05T20:54:20.783Z
TRX000566,902,559,2,19.58,2021-06-08T00:00:00.000Z,Credit Card,Online,2026-04-05T20:54:20.783Z
TRX000567,925,429,8,619.38,2021-09-22T00:00:00.000Z,Credit Card,Online,2026-04-05T20:54:20.783Z
TRX000568,97,973,5,341.53,2020-03-17T00:00:00.000Z,Bank Transfer,Physical Store,2026-04-05T20:54:20.783Z
TRX000569,112,346,10,104.77,2020-02-18T00:00:00.000Z,Credit Card,Online,2026-04-05T20:54:20.783Z
TRX000570,581,316,5,285.56,2022-11-23T00:00:00.000Z,PayPal,Physical Store,2026-04-05T20:54:20.783Z
TRX000571,549,508,1,862.28,null,PayPal,Physical Store,2026-04-05T20:54:20.783Z
TRX000572,135,876,1,158.99,2022-10-23T00:00:00.000Z,PayPal,Online,2026-04-05T20:54:20.783Z
TRX000573,841,645,9,249,2020-06-11T00:00:00.000Z,PayPal,Online,2026-04-05T20:54:20.783Z
TRX000574,950,615,3,424.09,2020-06-07T00:00:00.000Z,Debit Card,Physical Store,2026-04-05T20:54:20.783Z
TRX000575,27,363,3,558.79,2021-06-13T00:00:00.000Z,Debit Card,Online,2026-04-05T20:54:20.783Z
TRX000576,197,531,9,575.16,2020-08-31T00:00:00.000Z,Debit Card,Online,2026-04-05T20:54:20.783Z
TRX000577,663,776,1,785.64,null,Debit Card,Physical Store,2026-04-05T20:54:20.783Z
TRX000578,224,833,7,982.84,2022-10-20T00:00:00.000Z,Bank Transfer,Online,2026-04-05T20:54:20.783Z
TRX000579,346,925,3,568.08,2020-07-27T00:00:00.000Z,Credit Card,Physical Store,2026-04-05T20:54:20.783Z
TRX000580,363,577,1,512.85,2020-10-20T00:00:00.000Z,PayPal,Online,2026-04-05T20:54:20.783Z
TRX000581,120,685,9,-639.51,2021-11-20T00:00:00.000Z,Debit Card,Physical Store,2026-04-05T20:54:20.783Z
TRX000582,429,558,2,257.2,2023-12-31T00:00:00.000Z,Credit Card,Physical Store,2026-04-05T20:54:20.783Z
TRX000583,885,668,2,532.27,2023-07-07T00:00:00.000Z,Credit Card,Online,2026-04-05T20:54:20.783Z
TRX000584,648,824,2,650.61,2020-11-17T00:00:00.000Z,Debit Card,Online,2026-04-05T20:54:20.783Z
TRX000585,309,575,7,407.25,2022-07-02T00:00:00.000Z,Cash,Online,2026-04-05T20:54:20.783Z
TRX000586,557,85,9,761.46,2023-12-05T00:00:00.000Z,Cash,Online,2026-04-05T20:54:20.783Z
TRX000587,3,576,4,29.57,2022-03-08T00:00:00.000Z,Cash,Online,2026-04-05T20:54:20.783Z
TRX000588,457,863,9,722.34,2023-10-30T00:00:00.000Z,PayPal,Physical Store,2026-04-05T20:54:20.783Z
TRX000589,850,305,3,72.7,2022-07-12T00:00:00.000Z,Cash,Online,2026-04-05T20:54:20.783Z
TRX000590,462,782,6,191.61,2023-10-19T00:00:00.000Z,Credit Card,Physical Store,2026-04-05T20:54:20.783Z
TRX000591,717,615,8,80.7,2020-09-04T00:00:00.000Z,Debit Card,Physical Store,2026-04-05T20:54:20.783Z
TRX000592,487,387,1,865.91,2021-04-13T00:00:00.000Z,Debit Card,Online,2026-04-05T20:54:20.783Z
TRX000593,400,497,2,619.26,2021-10-17T00:00:00.000Z,PayPal,Online,2026-04-05T20:54:20.783Z
TRX000594,566,174,3,404.75,2020-11-20T00:00:00.000Z,Debit Card,Physical Store,2026-04-05T20:54:20.783Z
TRX000595,102,141,2,727.22,2021-07-13T00:00:00.000Z,Debit Card,Online,2026-04-05T20:54:20.783Z
TRX000596,219,400,1,566.66,2022-07-07T00:00:00.000Z,Bank Transfer,Online,2026-04-05T20:54:20.783Z
TRX000597,198,504,9,124.79,2022-12-28T00:00:00.000Z,Debit Card,Online,2026-04-05T20:54:20.783Z
TRX000598,815,672,2,90.97,2022-01-18T00:00:00.000Z,Bank Transfer,Online,2026-04-05T20:54:20.783Z
TRX000599,166,74,9,657.34,2023-11-14T00:00:00.000Z,Debit Card,Online,2026-04-05T20:54:20.783Z
TRX000600,941,449,5,400.38,2023-11-16T00:00:00.000Z,Cash,Physical Store,2026-04-05T20:54:20.783Z
TRX000601,181,801,10,584.59,2020-12-02T00:00:00.000Z,PayPal,Physical Store,2026-04-05T20:54:20.783Z
TRX000602,442,383,1,723.19,2021-04-23T00:00:00.000Z,PayPal,Online,2026-04-05T20:54:20.783Z
TRX000603,210,372,7,927.74,2020-07-13T00:00:00.000Z,PayPal,Online,2026-04-05T20:54:20.783Z
TRX000604,246,903,6,-826.39,2020-03-20T00:00:00.000Z,PayPal,Physical Store,2026-04-05T20:54:20.783Z
TRX000605,638,615,9,535.24,2020-09-10T00:00:00.000Z,Debit Card,Online,2026-04-05T20:54:20.783Z
TRX000606,74,751,3,693.12,2023-11-17T00:00:00.000Z,PayPal,Physical Store,2026-04-05T20:54:20.783Z
TRX000607,106,36,8,416.99,2021-09-12T00:00:00.000Z,Credit Card,Online,2026-04-05T20:54:20.783Z
TRX000608,859,836,9,875.94,2021-05-04T00:00:00.000Z,Debit Card,Online,2026-04-05T20:54:20.783Z
TRX000609,492,714,7,635.57,2020-12-04T00:00:00.000Z,Bank Transfer,Physical Store,2026-04-05T20:54:20.783Z
TRX000610,925,984,4,208.7,2022-09-10T00:00:00.000Z,Credit Card,Online,2026-04-05T20:54:20.783Z
TRX000611,209,69,5,731.06,2021-12-14T00:00:00.000Z,Cash,Online,2026-04-05T20:54:20.783Z
TRX000612,549,967,1,238.07,2022-03-29T00:00:00.000Z,Credit Card,Online,2026-04-05T20:54:20.783Z
TRX000613,182,928,5,83.14,2020-08-07T00:00:00.000Z,Credit Card,Online,2026-04-05T20:54:20.783Z
TRX000614,849,425,9,260.28,2020-03-13T00:00:00.000Z,Credit Card,Physical Store,2026-04-05T20:54:20.783Z
TRX000615,269,513,6,-724.36,2020-03-08T00:00:00.000Z,Cash,Physical Store,2026-04-05T20:54:20.783Z
TRX000616,984,380,1,147.05,2020-09-10T00:00:00.000Z,Credit Card,Online,2026-04-05T20:54:20.783Z
TRX000617,766,295,3,894.11,2021-11-06T00:00:00.000Z,Bank Transfer,Physical Store,2026-04-05T20:54:20.783Z
TRX000618,92,776,10,224.35,2020-05-13T00:00:00.000Z,Bank Transfer,Online,2026-04-05T20:54:20.783Z
TRX000619,176,575,7,492.03,2022-02-19T00:00:00.000Z,Bank Transfer,Physical Store,2026-04-05T20:54:20.783Z
TRX000620,881,836,1,198.78,2021-08-12T00:00:00.000Z,Credit Card,Physical Store,2026-04-05T20:54:20.783Z
TRX000621,666,988,5,202.86,2023-12-09T00:00:00.000Z,Cash,Online,2026-04-05T20:54:20.783Z
TRX000622,914,697,8,440.9,2022-07-17T00:00:00.000Z,Bank Transfer,Online,2026-04-05T20:54:20.783Z
TRX000623,171,594,10,828.12,2023-08-13T00:00:00.000Z,Debit Card,Online,2026-04-05T20:54:20.783Z
TRX000624,120,214,6,442.1,2023-02-22T00:00:00.000Z,Credit Card,Physical Store,2026-04-05T20:54:20.783Z
TRX000625,495,119,7,76.01,2020-09-10T00:00:00.000Z,Bank Transfer,Physical Store,2026-04-05T20:54:20.783Z
TRX000626,852,730,9,872.74,2021-08-22T00:00:00.000Z,Bank Transfer,Online,2026-04-05T20:54:20.783Z
TRX000627,1,757,8,746.48,2023-12-11T00:00:00.000Z,Debit Card,Online,2026-04-05T20:54:20.783Z
TRX000628,477,630,4,950.29,2021-05-29T00:00:00.000Z,Bank Transfer,Physical Store,2026-04-05T20:54:20.783Z
TRX000629,845,105,9,-83.06,2023-03-05T00:00:00.000Z,Bank Transfer,Physical Store,2026-04-05T20:54:20.783Z
TRX000630,729,807,5,440.82,2020-09-06T00:00:00.000Z,Bank Transfer,Online,2026-04-05T20:54:20.783Z
TRX000631,826,901,3,57.54,2022-07-07T00:00:00.000Z,Credit Card,Physical Store,2026-04-05T20:54:20.783Z
TRX000632,538,787,2,131.37,2022-06-10T00:00:00.000Z,Bank Transfer,Online,2026-04-05T20:54:20.783Z
TRX000633,363,883,6,448.45,2021-10-22T00:00:00.000Z,PayPal,Physical Store,2026-04-05T20:54:20.783Z
TRX000634,849,675,1,337.99,2020-06-16T00:00:00.000Z,Cash,Physical Store,2026-04-05T20:54:20.783Z
TRX000635,418,361,3,297.77,2021-09-07T00:00:00.000Z,Cash,Online,2026-04-05T20:54:20.783Z
TRX000636,461,248,8,-394.13,2020-06-25T00:00:00.000Z,Bank Transfer,Online,2026-04-05T20:54:20.783Z
TRX000637,907,717,4,455.09,2020-08-23T00:00:00.000Z,Debit Card,Physical Store,2026-04-05T20:54:20.783Z
TRX000638,309,556,6,166.81,2020-10-12T00:00:00.000Z,Credit Card,Physical Store,2026-04-05T20:54:20.783Z
TRX000639,141,225,5,952.27,2023-05-21T00:00:00.000Z,PayPal,Physical Store,2026-04-05T20:54:20.783Z
TRX000640,826,812,10,-664.97,2020-09-06T00:00:00.000Z,Bank Transfer,Online,2026-04-05T20:54:20.783Z
TRX000641,519,433,2,507.94,2023-03-06T00:00:00.000Z,Cash,Physical Store,2026-04-05T20:54:20.783Z
TRX000642,392,821,3,764.17,2020-03-17T00:00:00.000Z,Debit Card,Online,2026-04-05T20:54:20.783Z
TRX000643,585,206,7,282.51,2020-04-15T00:00:00.000Z,Debit Card,Online,2026-04-05T20:54:20.783Z
TRX000644,417,559,3,286.34,2022-08-28T00:00:00.000Z,PayPal,Online,2026-04-05T20:54:20.783Z
TRX000645,581,817,8,899.09,2020-01-12T00:00:00.000Z,PayPal,Physical Store,2026-04-05T20:54:20.783Z
TRX000646,267,372,9,890.7,2020-09-02T00:00:00.000Z,Debit Card,Online,2026-04-05T20:54:20.783Z
TRX000647,894,761,1,-474.02,2020-02-17T00:00:00.000Z,Credit Card,Physical Store,2026-04-05T20:54:20.783Z
TRX000648,34,60,5,359.88,2021-01-18T00:00:00.000Z,PayPal,Physical Store,2026-04-05T20:54:20.783Z
TRX000649,424,412,10,939.14,2020-08-28T00:00:00.000Z,Bank Transfer,Online,2026-04-05T20:54:20.783Z
TRX000650,510,128,4,174.01,2021-08-24T00:00:00.000Z,PayPal,Online,2026-04-05T20:54:20.783Z
TRX000651,442,884,6,37.08,2022-11-07T00:00:00.000Z,PayPal,Online,2026-04-05T20:54:20.783Z
TRX000652,689,737,4,868.09,2021-09-23T00:00:00.000Z,Cash,Physical Store,2026-04-05T20:54:20.783Z
TRX000653,539,773,8,534.65,2022-01-02T00:00:00.000Z,Credit Card,Physical Store,2026-04-05T20:54:20.783Z
TRX000654,737,499,4,623.22,2020-04-04T00:00:00.000Z,PayPal,Physical Store,2026-04-05T20:54:20.783Z
TRX000655,387,635,10,389.64,2020-05-09T00:00:00.000Z,Debit Card,Online,2026-04-05T20:54:20.783Z
TRX000656,162,329,6,237.55,2020-11-27T00:00:00.000Z,Bank Transfer,Physical Store,2026-04-05T20:54:20.783Z
TRX000657,166,349,2,124.25,2023-01-13T00:00:00.000Z,Credit Card,Physical Store,2026-04-05T20:54:20.783Z
TRX000658,586,451,6,309.81,2021-06-30T00:00:00.000Z,Credit Card,Physical Store,2026-04-05T20:54:20.783Z
TRX000659,426,493,4,800.98,null,Credit Card,Online,2026-04-05T20:54:20.783Z
TRX000660,522,379,1,-764.66,2021-03-01T00:00:00.000Z,Bank Transfer,Online,2026-04-05T20:54:20.783Z
TRX000661,565,608,10,198.11,2022-04-24T00:00:00.000Z,Cash,Online,2026-04-05T20:54:20.783Z
TRX000662,98,34,3,68.34,2023-08-07T00:00:00.000Z,Cash,Physical Store,2026-04-05T20:54:20.783Z
TRX000663,671,900,1,213.73,2020-09-09T00:00:00.000Z,Debit Card,Online,2026-04-05T20:54:20.783Z
TRX000664,566,178,3,584.39,2022-10-03T00:00:00.000Z,Credit Card,Physical Store,2026-04-05T20:54:20.783Z
TRX000665,93,730,4,235.81,2020-03-26T00:00:00.000Z,PayPal,Online,2026-04-05T20:54:20.783Z
TRX000666,626,71,5,858.15,2020-05-16T00:00:00.000Z,PayPal,Physical Store,2026-04-05T20:54:20.783Z
TRX000667,874,197,9,418.82,2023-07-27T00:00:00.000Z,Cash,Online,2026-04-05T20:54:20.783Z
TRX000668,885,91,5,951.05,2023-11-10T00:00:00.000Z,Debit Card,Online,2026-04-05T20:54:20.783Z
TRX000669,887,18,4,677.36,2022-05-29T00:00:00.000Z,Credit Card,Physical Store,2026-04-05T20:54:20.783Z
TRX000670,775,30,5,157.01,2022-08-09T00:00:00.000Z,Debit Card,Physical Store,2026-04-05T20:54:20.783Z
TRX000671,587,21,1,768.27,2022-05-01T00:00:00.000Z,Debit Card,Online,2026-04-05T20:54:20.783Z
TRX000672,936,58,8,715.64,2020-07-21T00:00:00.000Z,Credit Card,Online,2026-04-05T20:54:20.783Z
TRX000673,217,447,10,827.25,2020-09-15T00:00:00.000Z,Credit Card,Online,2026-04-05T20:54:20.783Z
TRX000674,891,248,4,398.87,2020-12-04T00:00:00.000Z,Debit Card,Physical Store,2026-04-05T20:54:20.783Z
TRX000675,118,216,9,436.36,2020-02-04T00:00:00.000Z,Credit Card,Physical Store,2026-04-05T20:54:20.783Z
TRX000676,274,491,6,737.9,2023-07-06T00:00:00.000Z,PayPal,Physical Store,2026-04-05T20:54:20.783Z
TRX000677,643,310,9,436.41,2020-03-05T00:00:00.000Z,Cash,Physical Store,2026-04-05T20:54:20.783Z
TRX000678,979,503,5,26.69,2023-06-24T00:00:00.000Z,Debit Card,Online,2026-04-05T20:54:20.783Z
TRX000679,23,632,2,905.86,2023-10-26T00:00:00.000Z,Credit Card,Online,2026-04-05T20:54:20.783Z
TRX000680,450,296,4,274.23,2023-08-21T00:00:00.000Z,PayPal,Physical Store,2026-04-05T20:54:20.783Z
TRX000681,117,269,2,733.99,2022-08-09T00:00:00.000Z,PayPal,Online,2026-04-05T20:54:20.783Z
TRX000682,780,585,3,-802.49,2022-10-03T00:00:00.000Z,Credit Card,Physical Store,2026-04-05T20:54:20.783Z
TRX000683,799,971,7,809.05,2022-10-12T00:00:00.000Z,Debit Card,Online,2026-04-05T20:54:20.783Z
TRX000684,484,366,5,769.95,2020-04-07T00:00:00.000Z,Debit Card,Online,2026-04-05T20:54:20.783Z
TRX000685,272,290,2,89.2,2020-01-23T00:00:00.000Z,PayPal,Physical Store,2026-04-05T20:54:20.783Z
TRX000686,668,848,9,62.5,2023-06-19T00:00:00.000Z,Credit Card,Physical Store,2026-04-05T20:54:20.783Z
TRX000687,671,540,1,284.28,2020-11-25T00:00:00.000Z,Bank Transfer,Online,2026-04-05T20:54:20.783Z
TRX000688,494,573,5,595.38,2021-10-14T00:00:00.000Z,Credit Card,Physical Store,2026-04-05T20:54:20.783Z
TRX000689,679,499,7,463.49,2023-03-24T00:00:00.000Z,Debit Card,Physical Store,2026-04-05T20:54:20.783Z
TRX000690,935,900,3,932.36,2020-12-24T00:00:00.000Z,Debit Card,Physical Store,2026-04-05T20:54:20.783Z
TRX000691,718,681,8,253.98,2023-03-25T00:00:00.000Z,Cash,Online,2026-04-05T20:54:20.783Z
TRX000692,336,910,6,157.81,2023-07-17T00:00:00.000Z,PayPal,Physical Store,2026-04-05T20:54:20.783Z
TRX000693,273,492,9,555.85,2021-02-02T00:00:00.000Z,Debit Card,Online,2026-04-05T20:54:20.783Z
TRX000694,612,598,6,263.49,2021-01-20T00:00:00.000Z,Bank Transfer,Physical Store,2026-04-05T20:54:20.783Z
TRX000695,88,732,3,360.99,2023-11-11T00:00:00.000Z,Credit Card,Online,2026-04-05T20:54:20.783Z
TRX000696,611,994,3,483.64,2022-01-11T00:00:00.000Z,Bank Transfer,Online,2026-04-05T20:54:20.783Z
TRX000697,574,556,4,795.42,2020-03-02T00:00:00.000Z,PayPal,Physical Store,2026-04-05T20:54:20.783Z
TRX000698,740,307,7,264.29,2022-09-25T00:00:00.000Z,Debit Card,Online,2026-04-05T20:54:20.783Z
TRX000699,886,339,5,946.56,2022-03-27T00:00:00.000Z,Bank Transfer,Physical Store,2026-04-05T20:54:20.783Z
TRX000700,794,226,10,417.69,2023-01-19T00:00:00.000Z,Credit Card,Online,2026-04-05T20:54:20.783Z
TRX000701,386,938,9,242.06,2021-11-14T00:00:00.000Z,Credit Card,Online,2026-04-05T20:54:20.783Z
TRX000702,625,824,1,-64.55,2022-08-18T00:00:00.000Z,Debit Card,Online,2026-04-05T20:54:20.783Z
TRX000703,562,874,9,947.87,2023-10-28T00:00:00.000Z,Debit Card,Online,2026-04-05T20:54:20.783Z
TRX000704,636,139,6,-695.39,2020-04-17T00:00:00.000Z,Cash,Online,2026-04-05T20:54:20.783Z
TRX000705,239,557,5,39.14,2022-01-26T00:00:00.000Z,Credit Card,Online,2026-04-05T20:54:20.783Z
TRX000706,460,39,6,845.44,2021-10-15T00:00:00.000Z,Cash,Physical Store,2026-04-05T20:54:20.783Z
TRX000707,627,902,10,550.04,2020-10-19T00:00:00.000Z,Credit Card,Physical Store,2026-04-05T20:54:20.783Z
TRX000708,37,513,8,236.67,2020-02-28T00:00:00.000Z,PayPal,Online,2026-04-05T20:54:20.783Z
TRX000709,994,622,5,618.37,2021-10-04T00:00:00.000Z,PayPal,Online,2026-04-05T20:54:20.783Z
TRX000710,229,507,10,886.41,2022-08-19T00:00:00.000Z,Credit Card,Online,2026-04-05T20:54:20.783Z
TRX000711,187,154,5,864.55,2023-03-21T00:00:00.000Z,PayPal,Online,2026-04-05T20:54:20.783Z
TRX000712,395,535,1,351.2,2021-07-26T00:00:00.000Z,Credit Card,Physical Store,2026-04-05T20:54:20.783Z
TRX000713,52,477,5,787.6,null,Bank Transfer,Online,2026-04-05T20:54:20.783Z
TRX000714,173,275,6,455.75,2021-11-12T00:00:00.000Z,Credit Card,Online,2026-04-05T20:54:20.783Z
TRX000715,552,173,5,263.89,2023-11-01T00:00:00.000Z,PayPal,Online,2026-04-05T20:54:20.783Z
TRX000716,816,611,3,461.71,2020-01-29T00:00:00.000Z,Cash,Online,2026-04-05T20:54:20.783Z
TRX000717,939,981,2,106.71,2021-01-19T00:00:00.000Z,Cash,Online,2026-04-05T20:54:20.783Z
TRX000718,124,355,4,168.76,2021-10-19T00:00:00.000Z,Debit Card,Online,2026-04-05T20:54:20.783Z
TRX000719,465,996,2,187.67,2021-12-10T00:00:00.000Z,PayPal,Online,2026-04-05T20:54:20.783Z
TRX000720,863,52,6,154.54,2022-04-18T00:00:00.000Z,Debit Card,Online,2026-04-05T20:54:20.783Z
TRX000721,146,366,1,894.64,2020-03-05T00:00:00.000Z,PayPal,Online,2026-04-05T20:54:20.783Z
TRX000722,187,19,5,33.25,2022-06-20T00:00:00.000Z,Debit Card,Online,2026-04-05T20:54:20.783Z
TRX000723,257,242,2,296.8,2021-08-30T00:00:00.000Z,Bank Transfer,Online,2026-04-05T20:54:20.783Z
TRX000724,762,817,8,148.91,2021-08-24T00:00:00.000Z,Cash,Online,2026-04-05T20:54:20.783Z
TRX000725,123,628,10,706.81,2022-09-06T00:00:00.000Z,Bank Transfer,Physical Store,2026-04-05T20:54:20.783Z
TRX000726,487,692,10,892.33,2020-02-01T00:00:00.000Z,PayPal,Online,2026-04-05T20:54:20.783Z
TRX000727,716,11,1,538.36,2023-09-22T00:00:00.000Z,Bank Transfer,Physical Store,2026-04-05T20:54:20.783Z
TRX000728,22,881,2,826.51,2020-05-10T00:00:00.000Z,Credit Card,Online,2026-04-05T20:54:20.783Z
TRX000729,633,475,8,314.98,2023-10-26T00:00:00.000Z,Bank Transfer,Physical Store,2026-04-05T20:54:20.783Z
TRX000730,112,121,1,553.37,2020-06-13T00:00:00.000Z,Bank Transfer,Physical Store,2026-04-05T20:54:20.783Z
TRX000731,169,760,2,323.01,2020-08-05T00:00:00.000Z,Bank Transfer,Online,2026-04-05T20:54:20.783Z
TRX000732,110,926,6,-163.14,2022-02-07T00:00:00.000Z,Debit Card,Online,2026-04-05T20:54:20.783Z
TRX000733,510,883,2,956.52,2020-06-17T00:00:00.000Z,PayPal,Online,2026-04-05T20:54:20.783Z
TRX000734,330,752,7,520.01,2023-06-26T00:00:00.000Z,Cash,Physical Store,2026-04-05T20:54:20.783Z
TRX000735,1000,560,1,790.83,2022-08-25T00:00:00.000Z,Debit Card,Online,2026-04-05T20:54:20.783Z
TRX000736,160,16,6,297.67,null,Bank Transfer,Online,2026-04-05T20:54:20.783Z
TRX000737,341,152,3,821.19,2021-12-15T00:00:00.000Z,PayPal,Physical Store,2026-04-05T20:54:20.783Z
TRX000738,52,821,8,388.71,2023-01-09T00:00:00.000Z,Bank Transfer,Online,2026-04-05T20:54:20.783Z
TRX000739,576,177,1,979.85,2022-08-26T00:00:00.000Z,Credit Card,Online,2026-04-05T20:54:20.783Z
TRX000740,615,951,2,716.65,2022-03-16T00:00:00.000Z,Credit Card,Physical Store,2026-04-05T20:54:20.783Z
TRX000741,866,536,4,353.77,2023-08-29T00:00:00.000Z,Bank Transfer,Physical Store,2026-04-05T20:54:20.783Z
TRX000742,885,929,7,945.26,2023-11-24T00:00:00.000Z,Cash,Online,2026-04-05T20:54:20.783Z
TRX000743,730,580,8,195.87,2022-10-01T00:00:00.000Z,PayPal,Online,2026-04-05T20:54:20.783Z
TRX000744,485,100,2,293.21,2021-11-30T00:00:00.000Z,Cash,Online,2026-04-05T20:54:20.783Z
TRX000745,780,625,10,136.34,null,Bank Transfer,Online,2026-04-05T20:54:20.783Z
TRX000746,736,327,8,799.89,2022-05-12T00:00:00.000Z,Bank Transfer,Physical Store,2026-04-05T20:54:20.783Z
TRX000747,609,877,5,559.57,2022-12-09T00:00:00.000Z,Credit Card,Physical Store,2026-04-05T20:54:20.783Z
TRX000748,545,575,9,738.35,2022-05-19T00:00:00.000Z,Debit Card,Online,2026-04-05T20:54:20.783Z
TRX000749,975,255,6,591.62,2020-09-29T00:00:00.000Z,Debit Card,Online,2026-04-05T20:54:20.783Z
TRX000750,435,540,4,729.84,2022-09-17T00:00:00.000Z,Debit Card,Physical Store,2026-04-05T20:54:20.783Z
TRX000751,606,121,8,434.87,2020-10-11T00:00:00.000Z,Credit Card,Online,2026-04-05T20:54:20.783Z
TRX000752,127,194,4,442.34,2022-10-31T00:00:00.000Z,Credit Card,Physical Store,2026-04-05T20:54:20.783Z
TRX000753,618,629,9,641.63,2023-01-04T00:00:00.000Z,Credit Card,Physical Store,2026-04-05T20:54:20.783Z
TRX000754,574,352,6,245.95,2023-09-19T00:00:00.000Z,Debit Card,Physical Store,2026-04-05T20:54:20.783Z
TRX000755,526,872,2,192.98,2020-12-27T00:00:00.000Z,Credit Card,Online,2026-04-05T20:54:20.783Z
TRX000756,253,582,5,866.3,2022-12-02T00:00:00.000Z,Bank Transfer,Physical Store,2026-04-05T20:54:20.783Z
TRX000757,695,721,2,671.48,2023-01-20T00:00:00.000Z,Debit Card,Physical Store,2026-04-05T20:54:20.783Z
TRX000758,448,266,6,727.2,2023-08-01T00:00:00.000Z,Cash,Physical Store,2026-04-05T20:54:20.783Z
TRX000759,395,943,2,844.26,2021-08-19T00:00:00.000Z,Bank Transfer,Online,2026-04-05T20:54:20.783Z
TRX000760,994,83,9,568.51,2020-11-17T00:00:00.000Z,Bank Transfer,Physical Store,2026-04-05T20:54:20.783Z
TRX000761,482,148,10,338.7,2020-06-18T00:00:00.000Z,PayPal,Physical Store,2026-04-05T20:54:20.783Z
TRX000762,810,375,8,926.06,2021-06-14T00:00:00.000Z,Bank Transfer,Online,2026-04-05T20:54:20.783Z
TRX000763,907,890,5,13.04,null,PayPal,Physical Store,2026-04-05T20:54:20.783Z
TRX000764,933,237,1,960.73,2021-02-07T00:00:00.000Z,Cash,Online,2026-04-05T20:54:20.783Z
TRX000765,67,183,10,87.93,null,Debit Card,Physical Store,2026-04-05T20:54:20.783Z
TRX000766,855,331,4,550.09,2020-03-05T00:00:00.000Z,Debit Card,Online,2026-04-05T20:54:20.783Z
TRX000767,357,116,7,749.43,2021-06-20T00:00:00.000Z,PayPal,Physical Store,2026-04-05T20:54:20.783Z
TRX000768,179,493,10,507.56,2020-10-22T00:00:00.000Z,Bank Transfer,Physical Store,2026-04-05T20:54:20.783Z
TRX000769,541,625,3,182.16,2023-01-11T00:00:00.000Z,Debit Card,Online,2026-04-05T20:54:20.783Z
TRX000770,447,860,3,159.86,2020-01-20T00:00:00.000Z,PayPal,Physical Store,2026-04-05T20:54:20.783Z
TRX000771,142,838,10,453.95,2022-03-29T00:00:00.000Z,Credit Card,Physical Store,2026-04-05T20:54:20.783Z
TRX000772,676,366,10,433.31,2020-02-10T00:00:00.000Z,Debit Card,Physical Store,2026-04-05T20:54:20.783Z
TRX000773,531,257,7,352.9,2022-07-20T00:00:00.000Z,Bank Transfer,Online,2026-04-05T20:54:20.783Z
TRX000774,143,675,2,336.93,2023-09-05T00:00:00.000Z,Debit Card,Online,2026-04-05T20:54:20.783Z
TRX000775,119,557,3,154.98,2021-05-04T00:00:00.000Z,Cash,Online,2026-04-05T20:54:20.783Z
TRX000776,491,535,3,21.39,2020-11-09T00:00:00.000Z,PayPal,Online,2026-04-05T20:54:20.783Z
TRX000777,6,475,8,378.1,2021-10-23T00:00:00.000Z,Cash,Online,2026-04-05T20:54:20.783Z
TRX000778,580,639,10,362.35,2021-06-26T00:00:00.000Z,Debit Card,Online,2026-04-05T20:54:20.783Z
TRX000779,789,493,6,668.36,2022-05-12T00:00:00.000Z,Bank Transfer,Online,2026-04-05T20:54:20.783Z
TRX000780,463,154,3,286.5,2022-11-11T00:00:00.000Z,Cash,Online,2026-04-05T20:54:20.783Z
TRX000781,483,307,6,962.76,2021-12-23T00:00:00.000Z,Credit Card,Physical Store,2026-04-05T20:54:20.783Z
TRX000782,206,784,8,391.37,2022-11-13T00:00:00.000Z,Bank Transfer,Online,2026-04-05T20:54:20.783Z
TRX000783,859,624,6,109.27,2020-09-15T00:00:00.000Z,Credit Card,Online,2026-04-05T20:54:20.783Z
TRX000784,503,706,6,960.65,2022-03-28T00:00:00.000Z,Bank Transfer,Online,2026-04-05T20:54:20.783Z
TRX000785,978,886,7,168.52,2023-03-18T00:00:00.000Z,Cash,Online,2026-04-05T20:54:20.783Z
TRX000786,68,906,7,474.75,2022-08-09T00:00:00.000Z,Bank Transfer,Physical Store,2026-04-05T20:54:20.783Z
TRX000787,430,427,2,376.37,2023-04-05T00:00:00.000Z,Bank Transfer,Physical Store,2026-04-05T20:54:20.783Z
TRX000788,316,368,8,122.99,2021-05-29T00:00:00.000Z,Cash,Physical Store,2026-04-05T20:54:20.783Z
TRX000789,350,757,4,123.65,2023-12-14T00:00:00.000Z,Credit Card,Physical Store,2026-04-05T20:54:20.783Z
TRX000790,150,341,4,283.51,2020-05-22T00:00:00.000Z,PayPal,Online,2026-04-05T20:54:20.783Z
TRX000791,777,709,5,604.07,2022-02-06T00:00:00.000Z,Bank Transfer,Physical Store,2026-04-05T20:54:20.783Z
TRX000792,493,955,8,657.72,2023-04-30T00:00:00.000Z,Credit Card,Online,2026-04-05T20:54:20.783Z
TRX000793,285,315,5,365.49,2020-07-05T00:00:00.000Z,Bank Transfer,Online,2026-04-05T20:54:20.783Z
TRX000794,99,815,9,452.37,2020-12-30T00:00:00.000Z,Credit Card,Physical Store,2026-04-05T20:54:20.783Z
TRX000795,77,213,10,591.37,2021-03-22T00:00:00.000Z,Cash,Physical Store,2026-04-05T20:54:20.783Z
TRX000796,761,437,4,917.9,2023-03-18T00:00:00.000Z,PayPal,Online,2026-04-05T20:54:20.783Z
TRX000797,529,465,7,-80.2,2022-07-28T00:00:00.000Z,Debit Card,Online,2026-04-05T20:54:20.783Z
TRX000798,973,599,1,559.76,2021-10-14T00:00:00.000Z,Bank Transfer,Online,2026-04-05T20:54:20.783Z
TRX000799,381,497,5,884.8,2020-12-02T00:00:00.000Z,PayPal,Physical Store,2026-04-05T20:54:20.783Z
TRX000800,623,808,1,302.67,2021-08-30T00:00:00.000Z,PayPal,Physical Store,2026-04-05T20:54:20.783Z
TRX000801,545,231,10,461.09,2022-03-06T00:00:00.000Z,Bank Transfer,Online,2026-04-05T20:54:20.783Z
TRX000802,585,88,2,310.13,2023-02-07T00:00:00.000Z,Bank Transfer,Physical Store,2026-04-05T20:54:20.783Z
TRX000803,824,284,9,657,2021-04-20T00:00:00.000Z,Cash,Online,2026-04-05T20:54:20.783Z
TRX000804,131,514,1,351.66,2022-08-16T00:00:00.000Z,PayPal,Online,2026-04-05T20:54:20.783Z
TRX000805,866,869,4,382.49,2022-07-08T00:00:00.000Z,PayPal,Physical Store,2026-04-05T20:54:20.783Z
TRX000806,99,612,8,120.35,2023-08-02T00:00:00.000Z,PayPal,Physical Store,2026-04-05T20:54:20.783Z
TRX000807,968,274,8,316.77,2021-01-07T00:00:00.000Z,Debit Card,Physical Store,2026-04-05T20:54:20.783Z
TRX000808,931,110,7,378.04,2022-11-01T00:00:00.000Z,Cash,Physical Store,2026-04-05T20:54:20.783Z
TRX000809,158,164,3,934.73,2022-03-05T00:00:00.000Z,PayPal,Physical Store,2026-04-05T20:54:20.783Z
TRX000810,586,308,7,168.25,2023-07-02T00:00:00.000Z,PayPal,Online,2026-04-05T20:54:20.783Z
TRX000811,960,390,7,431.6,2020-12-04T00:00:00.000Z,PayPal,Physical Store,2026-04-05T20:54:20.783Z
TRX000812,837,992,4,544.24,2020-09-28T00:00:00.000Z,Credit Card,Online,2026-04-05T20:54:20.783Z
TRX000813,628,433,9,-70.03,2023-09-14T00:00:00.000Z,PayPal,Online,2026-04-05T20:54:20.783Z
TRX000814,369,244,1,787.02,2023-02-20T00:00:00.000Z,PayPal,Online,2026-04-05T20:54:20.783Z
TRX000815,283,140,5,342.72,2022-06-15T00:00:00.000Z,Cash,Online,2026-04-05T20:54:20.783Z
TRX000816,570,110,1,846.7,2021-10-31T00:00:00.000Z,Cash,Physical Store,2026-04-05T20:54:20.783Z
TRX000817,252,293,2,715.72,2023-01-10T00:00:00.000Z,Bank Transfer,Online,2026-04-05T20:54:20.783Z
TRX000818,223,625,7,416.2,2021-05-18T00:00:00.000Z,PayPal,Online,2026-04-05T20:54:20.783Z
TRX000819,299,79,3,294.2,2023-06-20T00:00:00.000Z,Cash,Physical Store,2026-04-05T20:54:20.783Z
TRX000820,894,114,3,910.68,2023-02-25T00:00:00.000Z,Bank Transfer,Physical Store,2026-04-05T20:54:20.783Z
TRX000821,758,407,6,49.79,2021-06-14T00:00:00.000Z,Cash,Online,2026-04-05T20:54:20.783Z
TRX000822,630,92,10,399.21,2023-06-21T00:00:00.000Z,Debit Card,Online,2026-04-05T20:54:20.783Z
TRX000823,251,652,3,506.57,2021-09-26T00:00:00.000Z,PayPal,Physical Store,2026-04-05T20:54:20.783Z
TRX000824,199,792,7,677.31,2022-05-27T00:00:00.000Z,Cash,Online,2026-04-05T20:54:20.783Z
TRX000825,468,319,1,423.27,2022-11-19T00:00:00.000Z,Bank Transfer,Physical Store,2026-04-05T20:54:20.783Z
TRX000826,227,980,9,626.77,2020-08-04T00:00:00.000Z,Cash,Online,2026-04-05T20:54:20.783Z
TRX000827,525,529,8,357.93,2020-06-18T00:00:00.000Z,Bank Transfer,Online,2026-04-05T20:54:20.783Z
TRX000828,478,959,3,337.98,2023-08-15T00:00:00.000Z,Debit Card,Physical Store,2026-04-05T20:54:20.783Z
TRX000829,846,703,4,343.56,2021-07-12T00:00:00.000Z,Debit Card,Online,2026-04-05T20:54:20.783Z
TRX000830,595,873,6,898.84,2021-11-27T00:00:00.000Z,Debit Card,Online,2026-04-05T20:54:20.783Z
TRX000831,186,299,9,814.55,2023-07-06T00:00:00.000Z,Credit Card,Online,2026-04-05T20:54:20.783Z
TRX000832,908,964,8,865.02,2020-03-28T00:00:00.000Z,Bank Transfer,Physical Store,2026-04-05T20:54:20.783Z
TRX000833,5,110,1,616.11,2022-07-11T00:00:00.000Z,Credit Card,Online,2026-04-05T20:54:20.783Z
TRX000834,897,390,10,146.72,2021-09-03T00:00:00.000Z,Credit Card,Online,2026-04-05T20:54:20.783Z
TRX000835,851,546,10,468.38,2022-02-06T00:00:00.000Z,Debit Card,Online,2026-04-05T20:54:20.783Z
TRX000836,859,85,4,413.68,null,PayPal,Physical Store,2026-04-05T20:54:20.783Z
TRX000837,630,279,3,42.16,2023-06-28T00:00:00.000Z,PayPal,Physical Store,2026-04-05T20:54:20.783Z
TRX000838,904,851,5,192.43,2023-03-11T00:00:00.000Z,Bank Transfer,Physical Store,2026-04-05T20:54:20.783Z
TRX000839,398,896,3,93.93,2020-07-18T00:00:00.000Z,Cash,Online,2026-04-05T20:54:20.783Z
TRX000840,42,407,10,675,2022-01-04T00:00:00.000Z,Cash,Physical Store,2026-04-05T20:54:20.783Z
TRX000841,671,819,7,799.6,2021-04-20T00:00:00.000Z,Debit Card,Online,2026-04-05T20:54:20.783Z
TRX000842,551,437,10,375.94,2022-03-23T00:00:00.000Z,PayPal,Physical Store,2026-04-05T20:54:20.783Z
TRX000843,681,777,10,371.33,2021-09-24T00:00:00.000Z,Bank Transfer,Online,2026-04-05T20:54:20.783Z
TRX000844,138,120,3,963.79,2021-03-13T00:00:00.000Z,Debit Card,Physical Store,2026-04-05T20:54:20.783Z
TRX000845,99,428,5,856.63,2020-05-30T00:00:00.000Z,Bank Transfer,Online,2026-04-05T20:54:20.783Z
TRX000846,439,113,2,325.07,2022-10-25T00:00:00.000Z,PayPal,Physical Store,2026-04-05T20:54:20.783Z
TRX000847,158,928,1,734.14,null,Cash,Online,2026-04-05T20:54:20.783Z
TRX000848,608,443,7,190.46,2023-01-19T00:00:00.000Z,PayPal,Physical Store,2026-04-05T20:54:20.783Z
TRX000849,241,786,3,523.09,2021-05-24T00:00:00.000Z,Bank Transfer,Online,2026-04-05T20:54:20.783Z
TRX000850,232,306,10,50.6,2023-09-08T00:00:00.000Z,Bank Transfer,Physical Store,2026-04-05T20:54:20.783Z
TRX000851,348,473,8,524.08,2022-08-19T00:00:00.000Z,Cash,Physical Store,2026-04-05T20:54:20.783Z
TRX000852,221,119,10,750.35,2021-01-02T00:00:00.000Z,Credit Card,Online,2026-04-05T20:54:20.783Z
TRX000853,431,559,7,162.6,2022-02-27T00:00:00.000Z,Credit Card,Physical Store,2026-04-05T20:54:20.783Z
TRX000854,17,194,4,981.03,2020-07-31T00:00:00.000Z,Credit Card,Online,2026-04-05T20:54:20.783Z
TRX000855,669,790,6,519.84,2023-09-29T00:00:00.000Z,Debit Card,Physical Store,2026-04-05T20:54:20.783Z
TRX000856,948,290,7,900.81,2021-11-21T00:00:00.000Z,Credit Card,Physical Store,2026-04-05T20:54:20.783Z
TRX000857,369,579,9,282.39,2023-07-05T00:00:00.000Z,Debit Card,Physical Store,2026-04-05T20:54:20.783Z
TRX000858,777,352,10,190.36,null,PayPal,Online,2026-04-05T20:54:20.783Z
TRX000859,601,354,6,418.04,2023-09-08T00:00:00.000Z,PayPal,Physical Store,2026-04-05T20:54:20.783Z
TRX000860,393,16,6,866.9,2021-07-04T00:00:00.000Z,PayPal,Online,2026-04-05T20:54:20.783Z
TRX000861,131,211,3,569.18,2022-08-13T00:00:00.000Z,PayPal,Physical Store,2026-04-05T20:54:20.783Z
TRX000862,156,10,3,416.19,2023-03-08T00:00:00.000Z,PayPal,Online,2026-04-05T20:54:20.783Z
TRX000863,175,176,3,208.15,2022-09-13T00:00:00.000Z,Debit Card,Physical Store,2026-04-05T20:54:20.783Z
TRX000864,593,661,7,554.22,2023-03-02T00:00:00.000Z,Cash,Online,2026-04-05T20:54:20.783Z
TRX000865,868,169,2,101.69,2020-03-21T00:00:00.000Z,Debit Card,Online,2026-04-05T20:54:20.783Z
TRX000866,809,785,5,508.97,2020-08-09T00:00:00.000Z,Debit Card,Online,2026-04-05T20:54:20.783Z
TRX000867,447,631,3,299.46,2022-10-10T00:00:00.000Z,Credit Card,Physical Store,2026-04-05T20:54:20.783Z
TRX000868,462,462,3,236.4,2020-10-29T00:00:00.000Z,Credit Card,Online,2026-04-05T20:54:20.783Z
TRX000869,484,974,5,484.54,2022-08-27T00:00:00.000Z,Credit Card,Physical Store,2026-04-05T20:54:20.783Z
TRX000870,48,219,10,422.71,2021-11-30T00:00:00.000Z,Credit Card,Online,2026-04-05T20:54:20.783Z
TRX000871,881,703,1,252.97,2020-02-02T00:00:00.000Z,Debit Card,Physical Store,2026-04-05T20:54:20.783Z
TRX000872,408,408,3,450.8,2020-03-15T00:00:00.000Z,Debit Card,Online,2026-04-05T20:54:20.783Z
TRX000873,375,166,5,122.04,2020-01-27T00:00:00.000Z,PayPal,Online,2026-04-05T20:54:20.783Z
TRX000874,676,368,5,910.11,2023-10-29T00:00:00.000Z,Credit Card,Physical Store,2026-04-05T20:54:20.783Z
TRX000875,160,604,5,749.49,2022-05-14T00:00:00.000Z,PayPal,Online,2026-04-05T20:54:20.783Z
TRX000876,863,105,9,965.61,2021-10-04T00:00:00.000Z,Bank Transfer,Physical Store,2026-04-05T20:54:20.783Z
TRX000877,475,873,3,384.16,2023-12-11T00:00:00.000Z,Cash,Online,2026-04-05T20:54:20.783Z
TRX000878,200,330,10,674.91,2023-03-29T00:00:00.000Z,Debit Card,Physical Store,2026-04-05T20:54:20.783Z
TRX000879,154,557,1,-920.07,2022-06-05T00:00:00.000Z,Cash,Online,2026-04-05T20:54:20.783Z
TRX000880,677,759,2,678.96,2022-05-30T00:00:00.000Z,Debit Card,Physical Store,2026-04-05T20:54:20.783Z
TRX000881,417,818,3,453.75,2022-09-18T00:00:00.000Z,Cash,Physical Store,2026-04-05T20:54:20.783Z
TRX000882,379,774,9,568.3,2020-05-29T00:00:00.000Z,Debit Card,Online,2026-04-05T20:54:20.783Z
TRX000883,352,755,2,867.92,2020-03-31T00:00:00.000Z,PayPal,Online,2026-04-05T20:54:20.783Z
TRX000884,235,564,4,37.2,2021-06-04T00:00:00.000Z,Bank Transfer,Physical Store,2026-04-05T20:54:20.783Z
TRX000885,418,709,7,818.64,2020-09-05T00:00:00.000Z,Cash,Online,2026-04-05T20:54:20.783Z
TRX000886,836,360,1,989.41,2022-01-11T00:00:00.000Z,Debit Card,Physical Store,2026-04-05T20:54:20.783Z
TRX000887,565,301,2,181.4,2020-05-12T00:00:00.000Z,Cash,Physical Store,2026-04-05T20:54:20.783Z
TRX000888,362,604,7,318.27,2022-08-25T00:00:00.000Z,PayPal,Online,2026-04-05T20:54:20.783Z
TRX000889,352,425,2,816.42,2020-05-14T00:00:00.000Z,Bank Transfer,Physical Store,2026-04-05T20:54:20.783Z
TRX000890,338,587,3,599.37,2021-10-27T00:00:00.000Z,PayPal,Online,2026-04-05T20:54:20.783Z
TRX000891,958,772,7,493.77,2021-08-19T00:00:00.000Z,Debit Card,Online,2026-04-05T20:54:20.783Z
TRX000892,563,799,7,981.91,2020-04-12T00:00:00.000Z,Credit Card,Online,2026-04-05T20:54:20.783Z
TRX000893,347,487,6,293.27,2021-06-09T00:00:00.000Z,Credit Card,Online,2026-04-05T20:54:20.783Z
TRX000894,638,438,3,698.59,2021-12-10T00:00:00.000Z,Debit Card,Physical Store,2026-04-05T20:54:20.783Z
TRX000895,87,968,1,503.18,2023-03-30T00:00:00.000Z,Debit Card,Physical Store,2026-04-05T20:54:20.783Z
TRX000896,984,860,1,389.48,2023-07-27T00:00:00.000Z,Credit Card,Online,2026-04-05T20:54:20.783Z
TRX000897,813,399,9,328.63,2023-01-19T00:00:00.000Z,Bank Transfer,Physical Store,2026-04-05T20:54:20.783Z
TRX000898,607,535,1,445.63,2022-05-13T00:00:00.000Z,PayPal,Physical Store,2026-04-05T20:54:20.783Z
TRX000899,429,901,3,13.84,2023-05-16T00:00:00.000Z,Debit Card,Physical Store,2026-04-05T20:54:20.783Z
TRX000900,261,343,5,-188.8,2022-10-02T00:00:00.000Z,Bank Transfer,Physical Store,2026-04-05T20:54:20.783Z
TRX000901,678,604,9,647.34,2021-02-14T00:00:00.000Z,Bank Transfer,Physical Store,2026-04-05T20:54:20.783Z
TRX000902,42,666,8,249.4,2020-11-01T00:00:00.000Z,Debit Card,Online,2026-04-05T20:54:20.783Z
TRX000903,514,481,3,17.82,2020-02-08T00:00:00.000Z,Credit Card,Physical Store,2026-04-05T20:54:20.783Z
TRX000904,302,557,9,200.21,2020-12-21T00:00:00.000Z,Bank Transfer,Physical Store,2026-04-05T20:54:20.783Z
TRX000905,658,496,7,337.7,2020-08-10T00:00:00.000Z,Cash,Physical Store,2026-04-05T20:54:20.783Z
TRX000906,871,924,7,106.3,2023-02-14T00:00:00.000Z,Bank Transfer,Online,2026-04-05T20:54:20.783Z
TRX000907,347,566,7,514.31,2022-05-10T00:00:00.000Z,Credit Card,Physical Store,2026-04-05T20:54:20.783Z
TRX000908,948,918,6,950.53,2023-04-12T00:00:00.000Z,PayPal,Online,2026-04-05T20:54:20.783Z
TRX000909,190,218,4,976.17,2023-03-13T00:00:00.000Z,Credit Card,Physical Store,2026-04-05T20:54:20.783Z
TRX000910,573,415,5,16.63,null,PayPal,Online,2026-04-05T20:54:20.783Z
TRX000911,241,880,2,454.97,2021-08-20T00:00:00.000Z,Credit Card,Physical Store,2026-04-05T20:54:20.783Z
TRX000912,152,110,10,581.03,2020-08-03T00:00:00.000Z,Credit Card,Physical Store,2026-04-05T20:54:20.783Z
TRX000913,765,113,10,530.04,2020-08-15T00:00:00.000Z,Credit Card,Online,2026-04-05T20:54:20.783Z
TRX000914,585,148,1,128.61,2023-04-27T00:00:00.000Z,Credit Card,Online,2026-04-05T20:54:20.783Z
TRX000915,712,570,2,642.72,2021-08-31T00:00:00.000Z,PayPal,Online,2026-04-05T20:54:20.783Z
TRX000916,273,432,3,63.82,2022-10-19T00:00:00.000Z,Debit Card,Physical Store,2026-04-05T20:54:20.783Z
TRX000917,291,279,10,37.59,2023-10-21T00:00:00.000Z,PayPal,Online,2026-04-05T20:54:20.783Z
TRX000918,872,246,9,165.86,2021-04-19T00:00:00.000Z,PayPal,Online,2026-04-05T20:54:20.783Z
TRX000919,399,20,6,30.37,2021-03-12T00:00:00.000Z,Credit Card,Physical Store,2026-04-05T20:54:20.783Z
TRX000920,507,18,1,547.37,2023-10-15T00:00:00.000Z,Cash,Online,2026-04-05T20:54:20.783Z
TRX000921,200,526,7,196.69,2021-04-05T00:00:00.000Z,Debit Card,Online,2026-04-05T20:54:20.783Z
TRX000922,200,886,2,-384.62,2023-09-30T00:00:00.000Z,Bank Transfer,Online,2026-04-05T20:54:20.783Z
TRX000923,536,133,2,655.61,2023-10-06T00:00:00.000Z,Bank Transfer,Online,2026-04-05T20:54:20.783Z
TRX000924,280,294,2,87.08,2023-03-10T00:00:00.000Z,Debit Card,Online,2026-04-05T20:54:20.783Z
TRX000925,479,644,5,412.52,2021-08-05T00:00:00.000Z,Credit Card,Online,2026-04-05T20:54:20.783Z
TRX000926,323,165,6,-113.62,2020-07-17T00:00:00.000Z,Bank Transfer,Physical Store,2026-04-05T20:54:20.783Z
TRX000927,886,731,1,232.3,2020-04-08T00:00:00.000Z,Credit Card,Physical Store,2026-04-05T20:54:20.783Z
TRX000928,771,939,4,747.87,2021-05-13T00:00:00.000Z,Credit Card,Online,2026-04-05T20:54:20.783Z
TRX000929,35,879,5,462.54,2023-09-01T00:00:00.000Z,Cash,Physical Store,2026-04-05T20:54:20.783Z
TRX000930,192,332,8,961.07,2023-11-13T00:00:00.000Z,Bank Transfer,Online,2026-04-05T20:54:20.783Z
TRX000931,463,38,4,636.22,2020-05-12T00:00:00.000Z,Cash,Online,2026-04-05T20:54:20.783Z
TRX000932,306,950,3,469.52,2023-08-19T00:00:00.000Z,PayPal,Online,2026-04-05T20:54:20.783Z
TRX000933,811,76,4,613.14,2020-06-28T00:00:00.000Z,PayPal,Online,2026-04-05T20:54:20.783Z
TRX000934,88,146,5,151.04,2023-01-28T00:00:00.000Z,Debit Card,Physical Store,2026-04-05T20:54:20.783Z
TRX000935,167,6,3,620.07,2020-03-26T00:00:00.000Z,Cash,Online,2026-04-05T20:54:20.783Z
TRX000936,738,233,2,334.01,2023-04-13T00:00:00.000Z,Credit Card,Online,2026-04-05T20:54:20.783Z
TRX000937,231,914,7,151.52,2023-02-11T00:00:00.000Z,Cash,Online,2026-04-05T20:54:20.783Z
TRX000938,843,728,9,426.39,2021-12-28T00:00:00.000Z,Cash,Online,2026-04-05T20:54:20.783Z
TRX000939,436,798,8,289.5,2021-08-09T00:00:00.000Z,Bank Transfer,Online,2026-04-05T20:54:20.783Z
TRX000940,50,857,9,562.23,2023-01-21T00:00:00.000Z,Cash,Physical Store,2026-04-05T20:54:20.783Z
TRX000941,256,536,9,514.2,null,Cash,Physical Store,2026-04-05T20:54:20.783Z
TRX000942,656,581,5,689.44,2020-05-06T00:00:00.000Z,Cash,Physical Store,2026-04-05T20:54:20.783Z
TRX000943,608,713,9,543.96,2022-03-20T00:00:00.000Z,PayPal,Online,2026-04-05T20:54:20.783Z
TRX000944,68,707,5,349.05,2021-05-22T00:00:00.000Z,Bank Transfer,Online,2026-04-05T20:54:20.783Z
TRX000945,780,833,1,974.58,2022-01-16T00:00:00.000Z,Bank Transfer,Physical Store,2026-04-05T20:54:20.783Z
TRX000946,883,539,3,383.03,null,PayPal,Physical Store,2026-04-05T20:54:20.783Z
TRX000947,448,988,3,616.71,2020-07-17T00:00:00.000Z,Debit Card,Physical Store,2026-04-05T20:54:20.783Z
TRX000948,952,743,10,672.07,2023-06-07T00:00:00.000Z,Debit Card,Physical Store,2026-04-05T20:54:20.783Z
TRX000949,445,353,10,788.27,2020-11-27T00:00:00.000Z,Credit Card,Online,2026-04-05T20:54:20.783Z
TRX000950,562,541,1,147.21,2022-08-16T00:00:00.000Z,Credit Card,Physical Store,2026-04-05T20:54:20.783Z
TRX000951,698,43,8,537.16,2021-04-29T00:00:00.000Z,Cash,Online,2026-04-05T20:54:20.783Z
TRX000952,736,865,2,868.77,2023-12-09T00:00:00.000Z,PayPal,Online,2026-04-05T20:54:20.783Z
TRX000953,129,341,6,472.14,2023-04-26T00:00:00.000Z,Credit Card,Online,2026-04-05T20:54:20.783Z
TRX000954,61,824,3,864.34,2021-05-01T00:00:00.000Z,Cash,Online,2026-04-05T20:54:20.783Z
TRX000955,938,955,4,553.75,2021-01-30T00:00:00.000Z,Credit Card,Online,2026-04-05T20:54:20.783Z
TRX000956,221,646,9,655.55,2022-01-07T00:00:00.000Z,Credit Card,Online,2026-04-05T20:54:20.783Z
TRX000957,968,553,4,145.46,2022-08-16T00:00:00.000Z,Cash,Physical Store,2026-04-05T20:54:20.783Z
TRX000958,17,838,1,929.14,2021-12-13T00:00:00.000Z,Credit Card,Physical Store,2026-04-05T20:54:20.783Z
TRX000959,600,389,8,352.52,2021-11-28T00:00:00.000Z,Bank Transfer,Online,2026-04-05T20:54:20.783Z
TRX000960,463,978,6,957.16,2020-03-24T00:00:00.000Z,Bank Transfer,Physical Store,2026-04-05T20:54:20.783Z
TRX000961,557,203,7,834.47,2020-11-04T00:00:00.000Z,Cash,Online,2026-04-05T20:54:20.783Z
TRX000962,378,603,5,756.63,2020-09-25T00:00:00.000Z,Debit Card,Physical Store,2026-04-05T20:54:20.783Z
TRX000963,463,204,4,405.09,2020-09-10T00:00:00.000Z,PayPal,Physical Store,2026-04-05T20:54:20.783Z
TRX000964,515,190,10,430.89,2021-11-14T00:00:00.000Z,PayPal,Online,2026-04-05T20:54:20.783Z
TRX000965,335,823,4,99.43,2020-07-26T00:00:00.000Z,PayPal,Online,2026-04-05T20:54:20.783Z
TRX000966,190,296,5,438.35,2020-07-29T00:00:00.000Z,PayPal,Physical Store,2026-04-05T20:54:20.783Z
TRX000967,794,753,4,683.43,2021-06-05T00:00:00.000Z,Bank Transfer,Online,2026-04-05T20:54:20.783Z
TRX000968,470,178,3,147.08,2022-03-28T00:00:00.000Z,Credit Card,Online,2026-04-05T20:54:20.783Z
TRX000969,69,187,2,656.67,2020-11-03T00:00:00.000Z,Cash,Online,2026-04-05T20:54:20.783Z
TRX000970,293,500,5,988.91,2022-04-23T00:00:00.000Z,PayPal,Online,2026-04-05T20:54:20.783Z
TRX000971,963,406,5,130.59,2021-01-16T00:00:00.000Z,PayPal,Online,2026-04-05T20:54:20.783Z
TRX000972,552,7,6,804.12,2023-11-03T00:00:00.000Z,Bank Transfer,Online,2026-04-05T20:54:20.783Z
TRX000973,494,236,5,276.11,2022-04-11T00:00:00.000Z,PayPal,Online,2026-04-05T20:54:20.783Z
TRX000974,656,211,8,35.14,2020-01-25T00:00:00.000Z,Bank Transfer,Physical Store,2026-04-05T20:54:20.783Z
TRX000975,749,164,3,163.09,2020-02-08T00:00:00.000Z,PayPal,Online,2026-04-05T20:54:20.783Z
TRX000976,201,776,10,-584.02,2021-05-10T00:00:00.000Z,PayPal,Online,2026-04-05T20:54:20.783Z
TRX000977,24,736,2,570.17,2021-09-06T00:00:00.000Z,Bank Transfer,Online,2026-04-05T20:54:20.783Z
TRX000978,1,415,8,800.54,2020-05-27T00:00:00.000Z,Cash,Physical Store,2026-04-05T20:54:20.783Z
TRX000979,619,304,10,984.95,2020-07-16T00:00:00.000Z,Credit Card,Physical Store,2026-04-05T20:54:20.783Z
TRX000980,68,372,7,232.76,2023-06-15T00:00:00.000Z,Bank Transfer,Physical Store,2026-04-05T20:54:20.783Z
TRX000981,178,21,6,629.74,2023-06-21T00:00:00.000Z,Bank Transfer,Online,2026-04-05T20:54:20.783Z
TRX000982,5,809,3,361.14,null,Debit Card,Online,2026-04-05T20:54:20.783Z
TRX000983,223,413,10,667.94,2021-12-16T00:00:00.000Z,Credit Card,Physical Store,2026-04-05T20:54:20.783Z
TRX000984,975,363,1,97.63,2021-12-12T00:00:00.000Z,PayPal,Physical Store,2026-04-05T20:54:20.783Z
TRX000985,920,279,8,319.5,2022-09-27T00:00:00.000Z,Bank Transfer,Online,2026-04-05T20:54:20.783Z
TRX000986,386,176,4,-11.38,2022-04-09T00:00:00.000Z,Credit Card,Physical Store,2026-04-05T20:54:20.783Z
TRX000987,140,541,3,500.54,2021-05-30T00:00:00.000Z,Cash,Physical Store,2026-04-05T20:54:20.783Z
TRX000988,986,78,2,102.38,2022-08-02T00:00:00.000Z,PayPal,Online,2026-04-05T20:54:20.783Z
TRX000989,971,812,9,557.79,2020-10-12T00:00:00.000Z,Bank Transfer,Online,2026-04-05T20:54:20.783Z
TRX000990,836,463,3,289.03,2021-05-04T00:00:00.000Z,Credit Card,Physical Store,2026-04-05T20:54:20.783Z
TRX000991,786,841,9,194.3,2021-08-18T00:00:00.000Z,Credit Card,Online,2026-04-05T20:54:20.783Z
TRX000992,692,314,8,758.81,2023-11-12T00:00:00.000Z,PayPal,Physical Store,2026-04-05T20:54:20.783Z
TRX000993,918,69,2,604.81,2020-09-30T00:00:00.000Z,Cash,Online,2026-04-05T20:54:20.783Z
TRX000994,314,766,8,627.68,2021-03-16T00:00:00.000Z,Credit Card,Online,2026-04-05T20:54:20.783Z
TRX000995,416,577,2,584.2,2020-10-23T00:00:00.000Z,PayPal,Online,2026-04-05T20:54:20.783Z
TRX000996,255,93,2,821.72,2022-05-24T00:00:00.000Z,PayPal,Physical Store,2026-04-05T20:54:20.783Z
TRX000997,871,889,4,18.79,null,Bank Transfer,Online,2026-04-05T20:54:20.783Z
TRX000998,558,655,6,740.38,2020-03-12T00:00:00.000Z,Cash,Online,2026-04-05T20:54:20.783Z
TRX000999,753,525,8,813.7,2023-08-14T00:00:00.000Z,PayPal,Physical Store,2026-04-05T20:54:20.783Z
TRX001000,702,736,3,760.22,2020-09-10T00:00:00.000Z,Debit Card,Online,2026-04-05T20:54:20.783Z
